{
	"credit": "Made with Blockbench",
	"texture_size": [32, 32],
	"textures": {
		"0": "item/boxing_glove",
		"particle": "item/boxing_glove"
	},
	"elements": [
		{
			"from": [6, 0, 7],
			"to": [9, 7, 12],
			"rotation": {"angle": 0, "axis": "z", "origin": [9.75, 2.25, 9.5]},
			"faces": {
				"north": {"uv": [0, 3.5, 1.5, 7], "texture": "#0"},
				"east": {"uv": [0, 0, 2.5, 3.5], "texture": "#0"},
				"south": {"uv": [1.5, 3.5, 3, 7], "texture": "#0"},
				"west": {"uv": [2.5, 0, 5, 3.5], "texture": "#0"},
				"up": {"uv": [6, 6.5, 7.5, 4], "texture": "#0"},
				"down": {"uv": [4.5, 5.5, 3, 8], "texture": "#0"}
			}
		},
		{
			"from": [9, 3, 7],
			"to": [11, 7, 12],
			"rotation": {"angle": 0, "axis": "z", "origin": [9.75, 2.25, 9.5]},
			"faces": {
				"north": {"uv": [7, 2, 8, 4], "texture": "#0"},
				"east": {"uv": [3, 3.5, 5.5, 5.5], "texture": "#0"},
				"south": {"uv": [7, 6.5, 8, 8.5], "texture": "#0"},
				"west": {"uv": [5, 0, 7.5, 2], "texture": "#0"},
				"up": {"uv": [7.5, 6.5, 8.5, 4], "texture": "#0"},
				"down": {"uv": [1, 7, 0, 9.5], "texture": "#0"}
			}
		},
		{
			"from": [6, 2, 5.5],
			"to": [9, 6, 7],
			"rotation": {"angle": 0, "axis": "z", "origin": [9.75, 2.25, 9.5]},
			"faces": {
				"north": {"uv": [4.5, 5.5, 6, 7.5], "texture": "#0"},
				"east": {"uv": [1, 7, 2, 9], "texture": "#0"},
				"south": {"uv": [6, 4.5, 7.5, 6.5], "texture": "#0"},
				"west": {"uv": [2, 7, 3, 9], "texture": "#0"},
				"up": {"uv": [9, 1, 7.5, 0], "texture": "#0"},
				"down": {"uv": [9, 1, 7.5, 2], "texture": "#0"}
			}
		}
	],
	"display": {
		"thirdperson_righthand": {
			"rotation": [90.37, 0.95, 178.72],
			"translation": [0.25, -0.25, -4.75],
			"scale": [1.01172, 1, 1.05273]
		},
		"thirdperson_lefthand": {
			"rotation": [-90.67, -0.33, -1.04],
			"translation": [0.5, -3.75, -4.25],
			"scale": [0, 0, 0]
		},
		"firstperson_righthand": {
			"rotation": [104.91, 13.73, 176.83],
			"translation": [-1, 5.25, -2.25]
		},
		"firstperson_lefthand": {
			"scale": [0, 0, 0]
		},
		"ground": {
			"rotation": [7.86, 16.18, -63.49],
			"translation": [3, 4.75, -2]
		},
		"gui": {
			"rotation": [-152.34, 15.58, 149.69],
			"translation": [-4.25, 5.75, 0],
			"scale": [2, 2, 2]
		}
	}
}