{
	"credit": "Made with Blockbench",
	"texture_size": [64, 64],
	"textures": {
		"0": "item/death_texture",
		"1": "item/death_face_anim",
		"particle": "item/death_texture"
	},
	"elements": [
		{
			"from": [3.5, 24, 11],
			"to": [12.5, 24, 15],
			"rotation": {"angle": -22.5, "axis": "x", "origin": [8, 18, 18]},
			"faces": {
				"north": {"uv": [2.25, 5.75, 4.5, 5.75], "texture": "#0"},
				"east": {"uv": [1.25, 5.75, 2.25, 5.75], "texture": "#0"},
				"south": {"uv": [5.5, 5.75, 7.75, 5.75], "texture": "#0"},
				"west": {"uv": [4.5, 5.75, 5.5, 5.75], "texture": "#0"},
				"up": {"uv": [4.5, 5.75, 2.25, 4.75], "texture": "#0"},
				"down": {"uv": [6.75, 4.75, 4.5, 5.75], "texture": "#0"}
			}
		},
		{
			"from": [3.5, 14, 12],
			"to": [12.5, 24, 12],
			"rotation": {"angle": -22.5, "axis": "x", "origin": [8, 18, 18]},
			"faces": {
				"north": {"uv": [0.90476, 0, 14.58333, 16], "texture": "#1"},
				"east": {"uv": [7, 3, 7, 5.5], "texture": "#0"},
				"south": {"uv": [9.25, 3, 11.5, 5.5], "texture": "#0"},
				"west": {"uv": [9.25, 3, 9.25, 5.5], "texture": "#0"},
				"up": {"uv": [9.25, 3, 7, 3], "texture": "#0"},
				"down": {"uv": [11.5, 3, 9.25, 3], "texture": "#0"}
			}
		},
		{
			"from": [3.5, 14, 11],
			"to": [3.5, 24, 15],
			"rotation": {"angle": -22.5, "axis": "x", "origin": [8, 18, 18]},
			"faces": {
				"north": {"uv": [9.5, 9.5, 9.5, 12], "texture": "#0"},
				"east": {"uv": [11.25, 3, 10.25, 5.5], "texture": "#0"},
				"south": {"uv": [10.5, 9.5, 10.5, 12], "texture": "#0"},
				"west": {"uv": [10.25, 3, 9.25, 5.5], "texture": "#0"},
				"up": {"uv": [9.5, 9.5, 9.5, 8.5], "texture": "#0"},
				"down": {"uv": [9.5, 8.5, 9.5, 9.5], "texture": "#0"}
			}
		},
		{
			"from": [12.5, 14, 11],
			"to": [12.5, 24, 15],
			"rotation": {"angle": -22.5, "axis": "x", "origin": [8, 18, 18]},
			"faces": {
				"north": {"uv": [9.5, 9.5, 9.5, 12], "texture": "#0"},
				"east": {"uv": [9.25, 3, 10.25, 5.5], "texture": "#0"},
				"south": {"uv": [10.5, 9.5, 10.5, 12], "texture": "#0"},
				"west": {"uv": [10.25, 3, 11.25, 5.5], "texture": "#0"},
				"up": {"uv": [9.5, 9.5, 9.5, 8.5], "texture": "#0"},
				"down": {"uv": [9.5, 8.5, 9.5, 9.5], "texture": "#0"}
			}
		},
		{
			"from": [12.5, 14, 15],
			"to": [12.5, 22, 18],
			"rotation": {"angle": -22.5, "axis": "x", "origin": [8, 18, 18]},
			"faces": {
				"north": {"uv": [0.75, 4.75, 0.75, 6.75], "texture": "#0"},
				"east": {"uv": [0, 4.75, 0.75, 6.75], "texture": "#0"},
				"south": {"uv": [1.5, 4.75, 1.5, 6.75], "texture": "#0"},
				"west": {"uv": [0.75, 4.75, 1.5, 6.75], "texture": "#0"},
				"up": {"uv": [0.75, 4.75, 0.75, 4], "texture": "#0"},
				"down": {"uv": [0.75, 4, 0.75, 4.75], "texture": "#0"}
			}
		},
		{
			"from": [3.5, 14, 15],
			"to": [3.5, 22, 18],
			"rotation": {"angle": -22.5, "axis": "x", "origin": [8, 18, 18]},
			"faces": {
				"north": {"uv": [0.75, 4.75, 0.75, 6.75], "texture": "#0"},
				"east": {"uv": [1.5, 4.75, 0.75, 6.75], "texture": "#0"},
				"south": {"uv": [1.5, 4.75, 1.5, 6.75], "texture": "#0"},
				"west": {"uv": [0.75, 4.75, 0, 6.75], "texture": "#0"},
				"up": {"uv": [0.75, 4.75, 0.75, 4], "texture": "#0"},
				"down": {"uv": [0.75, 4, 0.75, 4.75], "texture": "#0"}
			}
		},
		{
			"from": [12.5, 14, 18],
			"to": [12.5, 20, 20],
			"rotation": {"angle": -22.5, "axis": "x", "origin": [8, 18, 18]},
			"faces": {
				"north": {"uv": [4.5, 7, 4.5, 8.5], "texture": "#0"},
				"east": {"uv": [4, 7, 4.5, 8.5], "texture": "#0"},
				"south": {"uv": [5, 7, 5, 8.5], "texture": "#0"},
				"west": {"uv": [4.5, 7, 5, 8.5], "texture": "#0"},
				"up": {"uv": [4.5, 7, 4.5, 6.5], "texture": "#0"},
				"down": {"uv": [4.5, 6.5, 4.5, 7], "texture": "#0"}
			}
		},
		{
			"from": [3.5, 14, 20],
			"to": [12.5, 20, 20],
			"rotation": {"angle": -22.5, "axis": "x", "origin": [8, 18, 18]},
			"faces": {
				"north": {"uv": [4, 9.5, 6.25, 11], "texture": "#0"},
				"east": {"uv": [4, 9.5, 4, 11], "texture": "#0"},
				"south": {"uv": [6.25, 9.5, 8.5, 11], "texture": "#0"},
				"west": {"uv": [6.25, 9.5, 6.25, 11], "texture": "#0"},
				"up": {"uv": [6.25, 9.5, 4, 9.5], "texture": "#0"},
				"down": {"uv": [8.5, 9.5, 6.25, 9.5], "texture": "#0"}
			}
		},
		{
			"from": [3.5, 22, 15],
			"to": [12.5, 24, 15],
			"rotation": {"angle": -22.5, "axis": "x", "origin": [8, 18, 18]},
			"faces": {
				"north": {"uv": [7, 2.5, 9.25, 3], "texture": "#0"},
				"east": {"uv": [10.5, 9.5, 10.5, 10], "texture": "#0"},
				"south": {"uv": [9.25, 2.5, 11.5, 3], "texture": "#0"},
				"west": {"uv": [12.75, 9.5, 12.75, 10], "texture": "#0"},
				"up": {"uv": [12.75, 9.5, 10.5, 9.5], "texture": "#0"},
				"down": {"uv": [15, 9.5, 12.75, 9.5], "texture": "#0"}
			}
		},
		{
			"from": [3.5, 20, 18],
			"to": [12.5, 22, 18],
			"rotation": {"angle": -22.5, "axis": "x", "origin": [8, 18, 18]},
			"faces": {
				"north": {"uv": [6.75, 5.5, 9, 6], "texture": "#0"},
				"east": {"uv": [6.75, 5.5, 6.75, 6], "texture": "#0"},
				"south": {"uv": [9, 5.5, 11.25, 6], "texture": "#0"},
				"west": {"uv": [9, 5.5, 9, 6], "texture": "#0"},
				"up": {"uv": [9, 5.5, 6.75, 5.5], "texture": "#0"},
				"down": {"uv": [11.25, 5.5, 9, 5.5], "texture": "#0"}
			}
		},
		{
			"from": [3.5, 14, 18],
			"to": [3.5, 20, 20],
			"rotation": {"angle": -22.5, "axis": "x", "origin": [8, 18, 18]},
			"faces": {
				"north": {"uv": [4.5, 7, 4.5, 8.5], "texture": "#0"},
				"east": {"uv": [5, 7, 4.5, 8.5], "texture": "#0"},
				"south": {"uv": [5, 7, 5, 8.5], "texture": "#0"},
				"west": {"uv": [4.5, 7, 4, 8.5], "texture": "#0"},
				"up": {"uv": [4.5, 7, 4.5, 6.5], "texture": "#0"},
				"down": {"uv": [4.5, 6.5, 4.5, 7], "texture": "#0"}
			}
		},
		{
			"from": [3.5, 14, 11],
			"to": [12.5, 14, 20],
			"rotation": {"angle": -22.5, "axis": "x", "origin": [8, 18, 18]},
			"faces": {
				"north": {"uv": [4.5, 7, 2.25, 7], "texture": "#0"},
				"east": {"uv": [6.75, 7, 4.5, 7], "texture": "#0"},
				"south": {"uv": [9, 7, 6.75, 7], "texture": "#0"},
				"west": {"uv": [2.25, 7, 0, 7], "texture": "#0"},
				"up": {"uv": [2.25, 7, 4.5, 4.75], "texture": "#0"},
				"down": {"uv": [4.5, 4.75, 6.75, 7], "texture": "#0"}
			}
		},
		{
			"from": [3.5, 20, 18],
			"to": [12.5, 20, 20],
			"rotation": {"angle": -22.5, "axis": "x", "origin": [8, 18, 18]},
			"faces": {
				"north": {"uv": [2.25, 7, 4.5, 7], "texture": "#0"},
				"east": {"uv": [1.75, 7, 2.25, 7], "texture": "#0"},
				"south": {"uv": [5, 7, 7.25, 7], "texture": "#0"},
				"west": {"uv": [4.5, 7, 5, 7], "texture": "#0"},
				"up": {"uv": [4.5, 7, 2.25, 6.5], "texture": "#0"},
				"down": {"uv": [6.75, 6.5, 4.5, 7], "texture": "#0"}
			}
		},
		{
			"from": [3.5, 22, 15],
			"to": [12.5, 22, 18],
			"rotation": {"angle": -22.5, "axis": "x", "origin": [8, 18, 18]},
			"faces": {
				"north": {"uv": [2.25, 6.5, 4.5, 6.5], "texture": "#0"},
				"east": {"uv": [1.5, 6.5, 2.25, 6.5], "texture": "#0"},
				"south": {"uv": [5.25, 6.5, 7.5, 6.5], "texture": "#0"},
				"west": {"uv": [4.5, 6.5, 5.25, 6.5], "texture": "#0"},
				"up": {"uv": [4.5, 6.5, 2.25, 5.75], "texture": "#0"},
				"down": {"uv": [6.75, 5.75, 4.5, 6.5], "texture": "#0"}
			}
		},
		{
			"from": [3, -2, 14],
			"to": [13, 13, 18],
			"rotation": {"angle": 0, "axis": "y", "origin": [0, -9, 10]},
			"faces": {
				"north": {"uv": [1, 1, 3.5, 4.75], "texture": "#0"},
				"east": {"uv": [1, 1, 0, 4.75], "texture": "#0"},
				"south": {"uv": [4.5, 1, 7, 4.75], "texture": "#0"},
				"west": {"uv": [3.5, 1, 4.5, 4.75], "texture": "#0"},
				"up": {"uv": [3.5, 1, 1, 0], "texture": "#0"},
				"down": {"uv": [6, 0, 3.5, 1], "texture": "#0"}
			}
		},
		{
			"from": [3.1, -11.8, 17],
			"to": [12.9, -1.8, 21],
			"rotation": {"angle": -22.5, "axis": "x", "origin": [8, -9.5, 16]},
			"faces": {
				"north": {"uv": [6.75, 7, 9, 9.5], "texture": "#0"},
				"east": {"uv": [5.75, 7, 6.75, 9.5], "texture": "#0"},
				"south": {"uv": [10, 7, 12.25, 9.5], "texture": "#0"},
				"west": {"uv": [9, 7, 10, 9.5], "texture": "#0"},
				"up": {"uv": [10.625, 7, 9, 6.125], "texture": "#0"},
				"down": {"uv": [10.625, 6.125, 9, 7], "texture": "#0"}
			}
		},
		{
			"from": [13, 9.23, 14.75],
			"to": [24, 12.73, 17.25],
			"rotation": {"angle": 45, "axis": "y", "origin": [15, 10.5, 16.5]},
			"faces": {
				"north": {"uv": [2, 8, 3, 10.75], "rotation": 90, "texture": "#0"},
				"east": {"uv": [3, 8, 2, 7], "rotation": 180, "texture": "#0"},
				"south": {"uv": [0, 8, 1, 10.75], "rotation": 270, "texture": "#0"},
				"west": {"uv": [2, 8, 1, 7], "texture": "#0"},
				"up": {"uv": [1, 8, 2, 10.75], "rotation": 270, "texture": "#0"},
				"down": {"uv": [3, 8, 4, 10.75], "rotation": 270, "texture": "#0"}
			}
		},
		{
			"from": [-8, 9.23, 14],
			"to": [3, 12.73, 16.5],
			"rotation": {"angle": -45, "axis": "y", "origin": [0, 10.99, 16]},
			"faces": {
				"north": {"uv": [2, 8, 3, 10.75], "rotation": 270, "texture": "#0"},
				"east": {"uv": [2, 8, 1, 7], "rotation": 180, "texture": "#0"},
				"south": {"uv": [0, 8, 1, 10.75], "rotation": 90, "texture": "#0"},
				"west": {"uv": [3, 7, 2, 8], "texture": "#0"},
				"up": {"uv": [3, 8, 4, 10.75], "rotation": 90, "texture": "#0"},
				"down": {"uv": [1, 8, 2, 10.75], "rotation": 90, "texture": "#0"}
			}
		},
		{
			"from": [24, 8.98, 16],
			"to": [28, 12.98, 16],
			"rotation": {"angle": 45, "axis": "y", "origin": [15, 10.5, 16.5]},
			"faces": {
				"north": {"uv": [15.75, 0, 14.25, 2.125], "rotation": 90, "texture": "#0"},
				"east": {"uv": [13, 0, 13, 1], "rotation": 180, "texture": "#0"},
				"south": {"uv": [14.25, 0, 15.75, 2.125], "rotation": 270, "texture": "#0"},
				"west": {"uv": [13, 1, 13, 0], "texture": "#0"},
				"up": {"uv": [13, 1, 13, 2], "rotation": 270, "texture": "#0"},
				"down": {"uv": [14, 1, 14, 2], "rotation": 270, "texture": "#0"}
			}
		},
		{
			"from": [-12, 9, 15.25],
			"to": [-8, 13, 15.25],
			"rotation": {"angle": -45, "axis": "y", "origin": [0, 10.99, 16]},
			"faces": {
				"north": {"uv": [14.375, 0, 15.75, 2.125], "rotation": 270, "texture": "#0"},
				"east": {"uv": [13, 1, 12, 1], "rotation": 270, "texture": "#0"},
				"south": {"uv": [15.75, 0, 14.375, 2.125], "rotation": 90, "texture": "#0"},
				"west": {"uv": [14, 1, 13, 1], "rotation": 270, "texture": "#0"},
				"up": {"uv": [12, 1, 12, 2], "rotation": 90, "texture": "#0"},
				"down": {"uv": [13, 1, 13, 2], "rotation": 90, "texture": "#0"}
			}
		},
		{
			"from": [14.5, 23.44409, 21.36931],
			"to": [20.5, 29.44409, 27.36931],
			"rotation": {"angle": -22.5, "axis": "x", "origin": [16, 20.44409, 18.36931]},
			"faces": {
				"north": {"uv": [8, 13.875, 10, 16], "texture": "#0"},
				"east": {"uv": [0, 13.875, 2, 16], "texture": "#0"},
				"south": {"uv": [6, 13.875, 8, 16], "texture": "#0"},
				"west": {"uv": [4, 13.875, 6, 16], "texture": "#0"},
				"up": {"uv": [4, 13.875, 2, 11.875], "texture": "#0"},
				"down": {"uv": [6, 11.875, 4, 13.875], "texture": "#0"}
			}
		},
		{
			"from": [5, 26, 17.85112],
			"to": [11, 32, 23.85112],
			"rotation": {"angle": 0, "axis": "x", "origin": [8, 30.13123, 20.85112]},
			"faces": {
				"north": {"uv": [8.5, 11.75, 10.5, 13.875], "texture": "#0"},
				"east": {"uv": [6.5, 11.75, 8.5, 13.875], "texture": "#0"},
				"south": {"uv": [12.5, 11.75, 14.5, 13.875], "texture": "#0"},
				"west": {"uv": [10.5, 11.75, 12.5, 13.875], "texture": "#0"},
				"up": {"uv": [10.5, 11.75, 8.5, 9.625], "texture": "#0"},
				"down": {"uv": [12.5, 9.625, 10.5, 11.75], "texture": "#0"}
			}
		},
		{
			"from": [-4.5, 23.44409, 21.36931],
			"to": [1.5, 29.44409, 27.36931],
			"rotation": {"angle": -22.5, "axis": "x", "origin": [16, 20.44409, 18.36931]},
			"faces": {
				"north": {"uv": [12, 13.875, 14, 16], "texture": "#0"},
				"east": {"uv": [0, 13.875, 2, 16], "texture": "#0"},
				"south": {"uv": [6, 13.875, 8, 16], "texture": "#0"},
				"west": {"uv": [4, 13.875, 6, 16], "texture": "#0"},
				"up": {"uv": [4, 13.875, 2, 11.875], "texture": "#0"},
				"down": {"uv": [6, 11.875, 4, 13.875], "texture": "#0"}
			}
		},
		{
			"from": [19.5, 15.1208, 22.826],
			"to": [25.5, 21.1208, 28.826],
			"rotation": {"angle": -22.5, "axis": "y", "origin": [22.5, 18.1208, 25.826]},
			"faces": {
				"north": {"uv": [10, 13.875, 12, 16], "texture": "#0"},
				"east": {"uv": [0, 13.875, 2, 16], "texture": "#0"},
				"south": {"uv": [6, 13.875, 8, 16], "texture": "#0"},
				"west": {"uv": [4, 13.875, 6, 16], "texture": "#0"},
				"up": {"uv": [4, 13.875, 2, 11.875], "texture": "#0"},
				"down": {"uv": [6, 11.875, 4, 13.875], "texture": "#0"}
			}
		},
		{
			"from": [24.5, 4.95812, 26],
			"to": [30.5, 10.95812, 32],
			"rotation": {"angle": 22.5, "axis": "y", "origin": [27.5, 7.95812, 30.03552]},
			"faces": {
				"north": {"uv": [8, 13.875, 10, 16], "texture": "#0"},
				"east": {"uv": [0, 13.875, 2, 16], "texture": "#0"},
				"south": {"uv": [6, 13.875, 8, 16], "texture": "#0"},
				"west": {"uv": [4, 13.875, 6, 16], "texture": "#0"},
				"up": {"uv": [4, 13.875, 2, 11.875], "texture": "#0"},
				"down": {"uv": [6, 11.875, 4, 13.875], "texture": "#0"}
			}
		},
		{
			"from": [18.5, -7.21174, 26],
			"to": [24.5, -1.21174, 32],
			"rotation": {"angle": -45, "axis": "y", "origin": [21.5, -4.21174, 29.39925]},
			"faces": {
				"north": {"uv": [12.5, 9.625, 14.5, 11.75], "texture": "#0"},
				"east": {"uv": [6.5, 11.75, 8.5, 13.875], "texture": "#0"},
				"south": {"uv": [12.5, 11.75, 14.5, 13.875], "texture": "#0"},
				"west": {"uv": [10.5, 11.75, 12.5, 13.875], "texture": "#0"},
				"up": {"uv": [10.5, 11.75, 8.5, 9.75], "texture": "#0"},
				"down": {"uv": [12.5, 9.75, 10.5, 11.75], "texture": "#0"}
			}
		},
		{
			"from": [-9.5, 15.1208, 22.826],
			"to": [-3.5, 21.1208, 28.826],
			"rotation": {"angle": 22.5, "axis": "y", "origin": [-6.5, 18.1208, 25.826]},
			"faces": {
				"north": {"uv": [2, 13.875, 4, 16], "texture": "#0"},
				"east": {"uv": [0, 13.875, 2, 16], "texture": "#0"},
				"south": {"uv": [6, 13.875, 8, 16], "texture": "#0"},
				"west": {"uv": [4, 13.875, 6, 16], "texture": "#0"},
				"up": {"uv": [4, 13.875, 2, 11.875], "texture": "#0"},
				"down": {"uv": [6, 11.875, 4, 13.875], "texture": "#0"}
			}
		},
		{
			"from": [-14.5, 4.95812, 26],
			"to": [-8.5, 10.95812, 32],
			"rotation": {"angle": -22.5, "axis": "y", "origin": [-11.5, 7.95812, 30.03552]},
			"faces": {
				"north": {"uv": [10, 13.875, 12, 16], "texture": "#0"},
				"east": {"uv": [0, 13.875, 2, 16], "texture": "#0"},
				"south": {"uv": [6, 13.875, 8, 16], "texture": "#0"},
				"west": {"uv": [4, 13.875, 6, 16], "texture": "#0"},
				"up": {"uv": [4, 13.875, 2, 11.875], "texture": "#0"},
				"down": {"uv": [6, 11.875, 4, 13.875], "texture": "#0"}
			}
		},
		{
			"from": [-8.5, -7.21174, 26],
			"to": [-2.5, -1.21174, 32],
			"rotation": {"angle": 45, "axis": "y", "origin": [-5.5, -4.21174, 29.39925]},
			"faces": {
				"north": {"uv": [12.5, 7.5, 14.5, 9.625], "texture": "#0"},
				"east": {"uv": [6.5, 11.75, 8.5, 13.875], "texture": "#0"},
				"south": {"uv": [12.5, 11.75, 14.5, 13.875], "texture": "#0"},
				"west": {"uv": [10.5, 11.75, 12.5, 13.875], "texture": "#0"},
				"up": {"uv": [10.5, 11.75, 8.5, 9.625], "texture": "#0"},
				"down": {"uv": [12.5, 9.625, 10.5, 11.75], "texture": "#0"}
			}
		},
		{
			"name": "nose",
			"from": [7, 8, 7],
			"to": [9, 12, 9],
			"rotation": {"angle": -22.5, "axis": "x", "origin": [8, 23, 3]},
			"faces": {
				"north": {"uv": [11.75, 6, 12.25, 7], "texture": "#0"},
				"east": {"uv": [11.25, 6, 11.75, 7], "texture": "#0"},
				"south": {"uv": [12.75, 6, 13.25, 7], "texture": "#0"},
				"west": {"uv": [12.25, 6, 12.75, 7], "texture": "#0"},
				"up": {"uv": [12.25, 6, 11.75, 5.5], "texture": "#0"},
				"down": {"uv": [12.75, 5.5, 12.25, 6], "texture": "#0"}
			}
		}
	],
	"display": {
		"head": {
			"translation": [0, 31.25, -45],
			"scale": [4, 4, 4]
		}
	},
	"groups": [
		{
			"name": "Deaths Head",
			"origin": [0, 0, 0],
			"color": 0,
			"children": [0, 1, 2, 3, 4, 5, 6, 7, 8, 9, 10, 11, 12, 13]
		},
		{
			"name": "torso",
			"origin": [0, 0, 0],
			"color": 0,
			"children": [
				14,
				15,
				{
					"name": "arms",
					"origin": [0, 0, 0],
					"color": 0,
					"children": [
						16,
						17,
						{
							"name": "hands",
							"origin": [0, 0, 0],
							"color": 0,
							"children": [18, 19]
						}
					]
				}
			]
		},
		{
			"name": "skulls",
			"origin": [0, -9, 0],
			"color": 0,
			"children": [20, 21, 22, 23, 24, 25, 26, 27, 28]
		},
		{
			"name": "head",
			"origin": [8, 24, 8],
			"color": 0,
			"children": []
		},
		29
	]
}