{
	"credit": "Made with Blockbench",
	"texture_size": [64, 64],
	"textures": {
		"0": "block/custom/fedora",
		"particle": "block/custom/fedora"
	},
	"elements": [
		{
			"from": [1, -1.9, 1],
			"to": [15, -1.9, 15],
			"faces": {
				"north": {"uv": [0, 0, 3.5, 0], "texture": "#0"},
				"east": {"uv": [0, 0, 3.5, 0], "texture": "#0"},
				"south": {"uv": [0, 0, 3.5, 0], "texture": "#0"},
				"west": {"uv": [0, 0, 3.5, 0], "texture": "#0"},
				"up": {"uv": [3.5, 3.5, 0, 0], "texture": "#0"},
				"down": {"uv": [3.5, 3.5, 0, 7], "texture": "#0"}
			}
		},
		{
			"from": [3, -1.9, 3],
			"to": [13, 15, 13],
			"faces": {
				"north": {"uv": [3.5, 0, 6, 4.25], "texture": "#0"},
				"east": {"uv": [3.5, 4.25, 6, 8.5], "texture": "#0"},
				"south": {"uv": [6, 0, 8.5, 4.25], "texture": "#0"},
				"west": {"uv": [6, 4.25, 8.5, 8.5], "texture": "#0"},
				"up": {"uv": [2.5, 9.5, 0, 7], "texture": "#0"},
				"down": {"uv": [11, 0, 8.5, 2.5], "texture": "#0"}
			}
		}
	],
	"display": {
		"gui": {
			"rotation": [27, 24, 0],
			"scale": [0.7, 0.7, 0.7]
		},
		"head": {
			"translation": [0, 14.25, 0],
			"scale": [1.35, 1.35, 1.35]
		}
	}
}