{
	"credit": "Made with Blockbench",
	"texture_size": [64, 64],
	"textures": {
		"0": "block/custom/black_wool_hat",
		"particle": "block/custom/black_wool_hat"
	},
	"elements": [
		{
			"from": [2.5, 13.5, 2],
			"to": [13.5, 17.75, 13],
			"rotation": {"angle": 0, "axis": "y", "origin": [8, 15.75, 7.5]},
			"faces": {
				"north": {"uv": [0, 7.75, 2.5, 6.75], "rotation": 180, "texture": "#0"},
				"east": {"uv": [0, 4, 1, 6.75], "rotation": 270, "texture": "#0"},
				"south": {"uv": [0, 6.75, 2.5, 7.75], "texture": "#0"},
				"west": {"uv": [1, 4, 0, 6.75], "rotation": 90, "texture": "#0"},
				"up": {"uv": [7.25, 6.75, 4.5, 4], "rotation": 180, "texture": "#0"},
				"down": {"uv": [10, 4, 7.25, 6.75], "texture": "#0"}
			}
		},
		{
			"from": [0.5, 13, 0],
			"to": [15.5, 14, 15],
			"rotation": {"angle": 0, "axis": "y", "origin": [8, 15.75, 7.5]},
			"faces": {
				"north": {"uv": [0, 3.75, 3.75, 4], "rotation": 180, "texture": "#0"},
				"east": {"uv": [4.125, 0, 4.25, 3.75], "rotation": 270, "texture": "#0"},
				"south": {"uv": [0, 3.75, 3.75, 4], "texture": "#0"},
				"west": {"uv": [4.125, 0, 4.25, 3.75], "rotation": 90, "texture": "#0"},
				"up": {"uv": [4.75, 3.75, 1, 0], "rotation": 180, "texture": "#0"},
				"down": {"uv": [4.75, 0, 1, 3.75], "texture": "#0"}
			}
		},
		{
			"from": [4.5, 17.5, 4],
			"to": [11.5, 18.5, 11],
			"rotation": {"angle": 0, "axis": "y", "origin": [8, 15.75, 7.5]},
			"faces": {
				"north": {"uv": [1.75, 1.75, 3.5, 2], "rotation": 180, "texture": "#0"},
				"east": {"uv": [3.5, 1.75, 3.625, 3.5], "rotation": 270, "texture": "#0"},
				"south": {"uv": [5.25, 1.75, 7, 2], "texture": "#0"},
				"west": {"uv": [3.5, 1.75, 3.625, 3.5], "rotation": 90, "texture": "#0"},
				"up": {"uv": [3.5, 1.75, 1.75, 0], "rotation": 180, "texture": "#0"},
				"down": {"uv": [5.25, 0, 3.5, 1.75], "texture": "#0"}
			}
		}
	],
	"display": {
		"gui": {
			"rotation": [12, 8, 0],
			"translation": [0, -5.75, 0]
		},
		"head": {
			"translation": [0, -6, 0.75],
			"scale": [1.4, 1.4, 1.4]
		}
	},
	"groups": [
		{
			"name": "group",
			"origin": [8, 17.5, 8.25],
			"color": 0,
			"children": [0, 1, 2]
		}
	]
}