{
	"credit": "Made with Blockbench",
	"texture_size": [32, 32],
	"textures": {
		"1": "block/custom/gorges_glasses",
		"particle": "block/custom/gorges_glasses"
	},
	"elements": [
		{
			"from": [20, 6, 7],
			"to": [20, 7.9375, 20],
			"rotation": {"angle": 0, "axis": "y", "origin": [7.5, 4.5, 10.625]},
			"faces": {
				"north": {"uv": [0, 0, 0, 1], "texture": "#1"},
				"east": {"uv": [6.5, 9, 0, 10], "texture": "#1"},
				"south": {"uv": [0, 0, 0, 1], "texture": "#1"},
				"west": {"uv": [0, 9, 6.5, 9.96875], "texture": "#1"},
				"up": {"uv": [0, 6.5, 0, 0], "texture": "#1"},
				"down": {"uv": [0, 0, 0, 6.5], "texture": "#1"}
			}
		},
		{
			"from": [-4, 6, 7],
			"to": [-4, 8, 20],
			"rotation": {"angle": 0, "axis": "y", "origin": [7.5, 4.5, 10.625]},
			"faces": {
				"north": {"uv": [0, 0, 0, 1], "texture": "#1"},
				"east": {"uv": [6.5, 9, 0, 10], "texture": "#1"},
				"south": {"uv": [0, 0, 0, 1], "texture": "#1"},
				"west": {"uv": [0, 9, 6.5, 10], "texture": "#1"},
				"up": {"uv": [0, 6.5, 0, 0], "texture": "#1"},
				"down": {"uv": [0, 0, 0, 6.5], "texture": "#1"}
			}
		},
		{
			"from": [-4, 4, 18],
			"to": [-4, 6, 20],
			"rotation": {"angle": 0, "axis": "y", "origin": [7.5, 4.5, 10.625]},
			"faces": {
				"north": {"uv": [0, 0, 0, 1], "texture": "#1"},
				"east": {"uv": [6.5, 10, 5.5, 11], "texture": "#1"},
				"south": {"uv": [0, 0, 0, 1], "texture": "#1"},
				"west": {"uv": [5.5, 10, 6.5, 11], "texture": "#1"},
				"up": {"uv": [0, 6.5, 0, 0], "texture": "#1"},
				"down": {"uv": [0, 0, 0, 6.5], "texture": "#1"}
			}
		},
		{
			"from": [20, 4, 18],
			"to": [20, 6, 20],
			"rotation": {"angle": 0, "axis": "y", "origin": [7.5, 4.5, 10.625]},
			"faces": {
				"north": {"uv": [0, 0, 0, 1], "texture": "#1"},
				"east": {"uv": [6.5, 10, 5.5, 11], "texture": "#1"},
				"south": {"uv": [0, 0, 0, 1], "texture": "#1"},
				"west": {"uv": [5.5, 10, 6.5, 11], "texture": "#1"},
				"up": {"uv": [0, 6.5, 0, 0], "texture": "#1"},
				"down": {"uv": [0, 0, 0, 6.5], "texture": "#1"}
			}
		},
		{
			"from": [-4, 0, 7],
			"to": [20, 9, 7],
			"faces": {
				"north": {"uv": [0, 0, 12, 4.5], "texture": "#1"},
				"east": {"uv": [0, 0, 0, 4.5], "texture": "#1"},
				"south": {"uv": [0, 4.5, 12, 9], "texture": "#1"},
				"west": {"uv": [0, 0, 0, 4.5], "texture": "#1"},
				"up": {"uv": [12, 0, 0, 0], "texture": "#1"},
				"down": {"uv": [12, 0, 0, 0], "texture": "#1"}
			}
		}
	],
	"display": {
		"thirdperson_righthand": {
			"scale": [0.23, 0.47, 0.23]
		},
		"gui": {
			"rotation": [4, -169, 0],
			"scale": [0.7, 0.7, 1]
		},
		"head": {
			"translation": [0, 1, -6.25],
			"scale": [0.6, 0.66, 1.08]
		}
	},
	"groups": [
		{
			"name": "group",
			"origin": [0, 0, 0],
			"color": 0,
			"children": [0, 1, 2, 3]
		},
		4
	]
}