{
	"credit": "Made with Blockbench",
	"texture_size": [32, 57],
	"textures": {
		"0": "block/custom/head_in_jar",
		"particle": "block/custom/head_in_jar"
	},
	"elements": [
		{
			"from": [4, 14, 4],
			"to": [12, 15, 12],
			"rotation": {"angle": 0, "axis": "y", "origin": [8, 0, 8]},
			"faces": {
				"north": {"uv": [12, 16, 16, 15.7193], "texture": "#0"},
				"east": {"uv": [12, 16, 16, 15.7193], "texture": "#0"},
				"south": {"uv": [12, 16, 16, 15.7193], "texture": "#0"},
				"west": {"uv": [12, 16, 16, 15.7193], "texture": "#0"},
				"up": {"uv": [16, 16, 12, 13.75439], "texture": "#0"},
				"down": {"uv": [16, 13.75439, 12, 16], "texture": "#0"}
			}
		},
		{
			"from": [5, 13, 5],
			"to": [11, 14, 11],
			"rotation": {"angle": 0, "axis": "y", "origin": [8, 0, 8]},
			"faces": {
				"north": {"uv": [16, 9.94737, 0, 9.60526], "texture": "#0"},
				"east": {"uv": [0, 9.94737, 16, 9.60526], "texture": "#0"},
				"south": {"uv": [0, 9.60526, 16, 9.94737], "texture": "#0"},
				"west": {"uv": [16, 9.60526, 0, 9.94737], "texture": "#0"},
				"up": {"uv": [10.5, 9.54386, 7.5, 7.85965], "texture": "#0"},
				"down": {"uv": [10.5, 7.85965, 7.5, 9.54386], "texture": "#0"}
			}
		},
		{
			"from": [6, 13, 6],
			"to": [10, 14, 10],
			"rotation": {"angle": 0, "axis": "y", "origin": [8, 0, 8]},
			"faces": {
				"north": {"uv": [12.5, 15.5614, 15.5, 15.5], "texture": "#0"},
				"east": {"uv": [12.5, 15.5614, 15.5, 15.5], "texture": "#0"},
				"south": {"uv": [12.5, 15.5614, 15.5, 15.5], "texture": "#0"},
				"west": {"uv": [12.5, 15.5614, 15.5, 15.5], "texture": "#0"},
				"up": {"uv": [15.5, 15.7193, 12.5, 14.03509], "texture": "#0"},
				"down": {"uv": [15.5, 14.03509, 12.5, 15.7193], "texture": "#0"}
			}
		},
		{
			"from": [2, 0, 2],
			"to": [14, 0, 14],
			"rotation": {"angle": 0, "axis": "y", "origin": [8, 0, 8]},
			"faces": {
				"north": {"uv": [1, 1, 7, 1], "texture": "#0"},
				"east": {"uv": [-5, 1, 1, 1], "texture": "#0"},
				"south": {"uv": [13, 1, 19, 1], "texture": "#0"},
				"west": {"uv": [7, 1, 13, 1], "texture": "#0"},
				"up": {"uv": [16, 11.5, 0, 0], "texture": "#0"},
				"down": {"uv": [16, 0, 0, 11.5], "texture": "#0"}
			}
		},
		{
			"from": [11, 13, 2],
			"to": [14, 13, 11],
			"rotation": {"angle": 0, "axis": "y", "origin": [8, 13, 8]},
			"faces": {
				"north": {"uv": [1, 1, 2.5, 1], "texture": "#0"},
				"east": {"uv": [-3.5, 1, 1, 1], "texture": "#0"},
				"south": {"uv": [7, 1, 8.5, 1], "texture": "#0"},
				"west": {"uv": [2.5, 1, 7, 1], "texture": "#0"},
				"up": {"uv": [12, 11.5, 16, 3], "texture": "#0"},
				"down": {"uv": [12, 3, 16, 11.5], "texture": "#0"}
			}
		},
		{
			"from": [2, 13, 2],
			"to": [11, 13, 5],
			"rotation": {"angle": 0, "axis": "y", "origin": [8, 13, 8]},
			"faces": {
				"north": {"uv": [-2, -2, 2.5, -2], "texture": "#0"},
				"east": {"uv": [-3.5, -2, -2, -2], "texture": "#0"},
				"south": {"uv": [4, -2, 8.5, -2], "texture": "#0"},
				"west": {"uv": [2.5, -2, 4, -2], "texture": "#0"},
				"up": {"uv": [0, 0, 12, 3], "texture": "#0"},
				"down": {"uv": [0, 3, 12, 0], "texture": "#0"}
			}
		},
		{
			"from": [2, 13, 5],
			"to": [5, 13, 14],
			"rotation": {"angle": 0, "axis": "y", "origin": [8, 13, 8]},
			"faces": {
				"north": {"uv": [1, 1, 2.5, 1], "texture": "#0"},
				"east": {"uv": [-3.5, 1, 1, 1], "texture": "#0"},
				"south": {"uv": [7, 1, 8.5, 1], "texture": "#0"},
				"west": {"uv": [2.5, 1, 7, 1], "texture": "#0"},
				"up": {"uv": [0, 9, 4, 0], "texture": "#0"},
				"down": {"uv": [0, 0, 4, 9], "texture": "#0"}
			}
		},
		{
			"from": [5, 13, 11],
			"to": [14, 13, 14],
			"rotation": {"angle": 0, "axis": "y", "origin": [8, 13, 8]},
			"faces": {
				"north": {"uv": [-2, -2, 2.5, -2], "texture": "#0"},
				"east": {"uv": [-3.5, -2, -2, -2], "texture": "#0"},
				"south": {"uv": [4, -2, 8.5, -2], "texture": "#0"},
				"west": {"uv": [2.5, -2, 4, -2], "texture": "#0"},
				"up": {"uv": [4, 8.5, 16, 11.5], "texture": "#0"},
				"down": {"uv": [4, 11.5, 16, 8.5], "texture": "#0"}
			}
		},
		{
			"from": [14, 0, 2],
			"to": [14, 13, 14],
			"faces": {
				"north": {"uv": [1, 1, 1, 7.5], "texture": "#0"},
				"east": {"uv": [0, 0, 16, 11.5], "texture": "#0"},
				"south": {"uv": [7, 1, 7, 7.5], "texture": "#0"},
				"west": {"uv": [0, 0, 16, 11.5], "texture": "#0"},
				"up": {"uv": [1, 1, 1, -5], "texture": "#0"},
				"down": {"uv": [1, -5, 1, 1], "texture": "#0"}
			}
		},
		{
			"from": [2, 0, 2],
			"to": [2, 13, 14],
			"faces": {
				"north": {"uv": [1, 1, 1, 7.5], "texture": "#0"},
				"east": {"uv": [0, 0, 16, 11.5], "texture": "#0"},
				"south": {"uv": [7, 1, 7, 7.5], "texture": "#0"},
				"west": {"uv": [0, 0, 16, 11.5], "texture": "#0"},
				"up": {"uv": [1, 1, 1, -5], "texture": "#0"},
				"down": {"uv": [1, -5, 1, 1], "texture": "#0"}
			}
		},
		{
			"from": [2, 0, 14],
			"to": [14, 13, 14],
			"rotation": {"angle": 0, "axis": "y", "origin": [8, 6.5, 8]},
			"faces": {
				"north": {"uv": [0, 0, 16, 11.5], "texture": "#0"},
				"east": {"uv": [-5, -5, -5, 1.5], "texture": "#0"},
				"south": {"uv": [0, 0, 16, 11.5], "texture": "#0"},
				"west": {"uv": [1, -5, 1, 1.5], "texture": "#0"},
				"up": {"uv": [1, -5, -5, -5], "texture": "#0"},
				"down": {"uv": [7, -5, 1, -5], "texture": "#0"}
			}
		},
		{
			"from": [2, 0, 2],
			"to": [14, 13, 2],
			"rotation": {"angle": 0, "axis": "y", "origin": [8, 6.5, 8]},
			"faces": {
				"north": {"uv": [0, 0, 16, 11.5], "texture": "#0"},
				"east": {"uv": [0, 0, 0, 6.5], "texture": "#0"},
				"south": {"uv": [0, 0, 16, 11.5], "texture": "#0"},
				"west": {"uv": [6, 0, 6, 6.5], "texture": "#0"},
				"up": {"uv": [6, 0, 0, 0], "texture": "#0"},
				"down": {"uv": [12, 0, 6, 0], "texture": "#0"}
			}
		}
	],
	"display": {
		"gui": {
			"rotation": [9, 19, 0],
			"translation": [0, 0.5, 0],
			"scale": [1.2, 1.2, 1.2]
		},
		"head": {
			"translation": [0, 3, 0],
			"scale": [1.25, 1.25, 1.25]
		}
	},
	"groups": [
		{
			"name": "group",
			"origin": [8, 0, 8],
			"color": 0,
			"children": [0, 1, 2]
		},
		{
			"name": "glass",
			"origin": [8, 6.5, 8],
			"color": 0,
			"children": [3, 4, 5, 6, 7, 8, 9, 10, 11]
		}
	]
}