{
	"credit": "Made with Blockbench",
	"texture_size": [32, 32],
	"textures": {
		"0": "block/custom/military_helmet",
		"particle": "block/custom/military_helmet"
	},
	"elements": [
		{
			"from": [4, 3, 4],
			"to": [5, 7, 12],
			"faces": {
				"north": {"uv": [0, 0, 0.5, 2], "texture": "#0"},
				"east": {"uv": [8, 6.5, 0, 11.5], "texture": "#0"},
				"south": {"uv": [0, 0, 0.5, 2], "texture": "#0"},
				"west": {"uv": [0, 0, 8, 5], "texture": "#0"},
				"up": {"uv": [0, 0, 0.5, 4], "texture": "#0"},
				"down": {"uv": [0, 0, 0.5, 4], "texture": "#0"}
			}
		},
		{
			"from": [4, 2, 8],
			"to": [5, 3, 12],
			"faces": {
				"north": {"uv": [0, 0, 0.5, 0.5], "texture": "#0"},
				"east": {"uv": [8, 11, 4, 13], "texture": "#0"},
				"south": {"uv": [0, 0, 0.5, 0.5], "texture": "#0"},
				"west": {"uv": [4, 5, 8, 6.5], "texture": "#0"},
				"up": {"uv": [0, 0, 0.5, 2], "texture": "#0"},
				"down": {"uv": [0, 0, 0.5, 2], "texture": "#0"}
			}
		},
		{
			"from": [4.5, 1, 6.75],
			"to": [4.5, 3, 7.5],
			"faces": {
				"north": {"uv": [0, 0, 0, 1], "texture": "#0"},
				"east": {"uv": [0, 0, 0.375, 1], "texture": "#0"},
				"south": {"uv": [0, 0, 0, 1], "texture": "#0"},
				"west": {"uv": [0, 0, 0.375, 1], "texture": "#0"},
				"up": {"uv": [0, 0, 0, 0.375], "texture": "#0"},
				"down": {"uv": [0, 0, 0, 0.375], "texture": "#0"}
			}
		},
		{
			"from": [4.5, 1, 4],
			"to": [4.5, 1.75, 6.75],
			"faces": {
				"north": {"uv": [0, 0, 0, 0.375], "texture": "#0"},
				"east": {"uv": [0, 0, 1.375, 0.375], "texture": "#0"},
				"south": {"uv": [0, 0, 0, 0.375], "texture": "#0"},
				"west": {"uv": [0, 0, 1.375, 0.375], "texture": "#0"},
				"up": {"uv": [0, 0, 0, 1.375], "texture": "#0"},
				"down": {"uv": [0, 0, 0, 1.375], "texture": "#0"}
			}
		},
		{
			"from": [11.5, 1, 6.75],
			"to": [11.5, 3, 7.5],
			"faces": {
				"north": {"uv": [0, 0, 0, 1], "texture": "#0"},
				"east": {"uv": [0, 0, 0.375, 1], "texture": "#0"},
				"south": {"uv": [0, 0, 0, 1], "texture": "#0"},
				"west": {"uv": [0, 0, 0.375, 1], "texture": "#0"},
				"up": {"uv": [0, 0, 0, 0.375], "texture": "#0"},
				"down": {"uv": [0, 0, 0, 0.375], "texture": "#0"}
			}
		},
		{
			"from": [11.5, 1, 4],
			"to": [11.5, 1.75, 6.75],
			"faces": {
				"north": {"uv": [0, 0, 0, 0.375], "texture": "#0"},
				"east": {"uv": [0, 0, 1.375, 0.375], "texture": "#0"},
				"south": {"uv": [0, 0, 0, 0.375], "texture": "#0"},
				"west": {"uv": [0, 0, 1.375, 0.375], "texture": "#0"},
				"up": {"uv": [0, 0, 0, 1.375], "texture": "#0"},
				"down": {"uv": [0, 0, 0, 1.375], "texture": "#0"}
			}
		},
		{
			"from": [4.5, 1, 4],
			"to": [11.5, 1.75, 4],
			"rotation": {"angle": 0, "axis": "y", "origin": [11.5, 1.375, 3.375]},
			"faces": {
				"north": {"uv": [0, 0, 3.5, 0.5], "texture": "#0"},
				"east": {"uv": [0, 0, 0, 0.375], "texture": "#0"},
				"south": {"uv": [0, 0, 3.5, 0.375], "texture": "#0"},
				"west": {"uv": [0, 0, 0, 0.375], "texture": "#0"},
				"up": {"uv": [0, 0, 0, 3.5], "rotation": 270, "texture": "#0"},
				"down": {"uv": [0, 0, 0, 3.5], "rotation": 90, "texture": "#0"}
			}
		},
		{
			"from": [11, 2, 8],
			"to": [12, 3, 12],
			"faces": {
				"north": {"uv": [0, 0, 0.5, 0.5], "texture": "#0"},
				"east": {"uv": [8, 4.5, 4, 6.5], "texture": "#0"},
				"south": {"uv": [0, 0, 0.5, 0.5], "texture": "#0"},
				"west": {"uv": [4, 11, 8, 13], "texture": "#0"},
				"up": {"uv": [0, 0, 0.5, 2], "texture": "#0"},
				"down": {"uv": [0, 0, 0.5, 2], "texture": "#0"}
			}
		},
		{
			"from": [5, 2, 11],
			"to": [11, 7, 12],
			"faces": {
				"north": {"uv": [8, 0, 13, 5], "texture": "#0"},
				"east": {"uv": [0, 0, 0.5, 2.5], "texture": "#0"},
				"south": {"uv": [8, 0, 13, 5], "texture": "#0"},
				"west": {"uv": [0, 0, 0.5, 2.5], "texture": "#0"},
				"up": {"uv": [0, 0, 3, 0.5], "texture": "#0"},
				"down": {"uv": [0, 0, 3, 0.5], "texture": "#0"}
			}
		},
		{
			"from": [5, 5.75, 4],
			"to": [11, 7, 5],
			"faces": {
				"north": {"uv": [0, 5, 4, 6.5], "texture": "#0"},
				"east": {"uv": [0, 0, 0.5, 0.625], "texture": "#0"},
				"south": {"uv": [0, 0, 3, 0.625], "texture": "#0"},
				"west": {"uv": [0, 0, 0.5, 0.625], "texture": "#0"},
				"up": {"uv": [0, 0, 3, 0.5], "texture": "#0"},
				"down": {"uv": [1, 1, 4, 0], "texture": "#0"}
			}
		},
		{
			"from": [4.5, 7, 4],
			"to": [11.5, 8, 11.5],
			"faces": {
				"north": {"uv": [0, 0, 3.5, 0.5], "texture": "#0"},
				"east": {"uv": [0, 0, 3.75, 0.5], "texture": "#0"},
				"south": {"uv": [0, 0, 3.5, 0.5], "texture": "#0"},
				"west": {"uv": [0, 0, 3.75, 0.5], "texture": "#0"},
				"up": {"uv": [8, 5, 13, 10], "texture": "#0"},
				"down": {"uv": [8, 5, 13, 10], "texture": "#0"}
			}
		},
		{
			"from": [11, 3, 4],
			"to": [12, 7, 12],
			"faces": {
				"north": {"uv": [0, 0, 0.5, 2], "texture": "#0"},
				"east": {"uv": [8, 0, 0, 5], "texture": "#0"},
				"south": {"uv": [0, 0, 0.5, 2], "texture": "#0"},
				"west": {"uv": [0, 6.5, 8, 11.5], "texture": "#0"},
				"up": {"uv": [0, 0, 0.5, 4], "texture": "#0"},
				"down": {"uv": [0, 0, 0.5, 4], "texture": "#0"}
			}
		}
	],
	"display": {
		"thirdperson_righthand": {
			"translation": [0, 5.25, 0]
		},
		"firstperson_righthand": {
			"rotation": [-10.75, 121.75, 0],
			"translation": [-0.25, 6, 0],
			"scale": [0.7, 0.7, 0.7]
		},
		"firstperson_lefthand": {
			"rotation": [-8.5, 484, 0],
			"translation": [0.5, 6, 0],
			"scale": [0.7, 0.7, 0.7]
		},
		"ground": {
			"translation": [0, 1.5, 0]
		},
		"gui": {
			"rotation": [11, -160, 0],
			"translation": [0, 5.5, 0],
			"scale": [1.6, 1.6, 1.6]
		},
		"head": {
			"translation": [0, 7.5, 0],
			"scale": [2, 2, 2]
		},
		"fixed": {
			"rotation": [18.25, -28.5, 0],
			"translation": [0, 2, 0]
		}
	}
}