{
    "parent": "item/generated",
    "textures": {
     "layer0": "item/pufferfish"
    },
    
    "overrides": [
        {"predicate": {"custom_model_data":1}, "model": "block/custom/open_brain"},
        {"predicate": {"custom_model_data":2}, "model": "block/custom/arrow_in_head"},
        {"predicate": {"custom_model_data":3}, "model": "block/custom/fedora"},
        {"predicate": {"custom_model_data":4}, "model": "block/custom/bucket_hat"},
        {"predicate": {"custom_model_data":5}, "model": "block/custom/frankenstein_bolts"},
        {"predicate": {"custom_model_data":6}, "model": "block/custom/head_in_fridge"},
        {"predicate": {"custom_model_data":7}, "model": "block/custom/horse_head"},
        {"predicate": {"custom_model_data":8}, "model": "block/custom/fedora_hat"},
        {"predicate": {"custom_model_data":9}, "model": "block/custom/straw_hat"},
        {"predicate": {"custom_model_data":10}, "model": "block/custom/small_tree"},
        {"predicate": {"custom_model_data":11}, "model": "block/custom/gas_mask"},
        {"predicate": {"custom_model_data":12}, "model": "block/custom/military_helmet"},
        {"predicate": {"custom_model_data":13}, "model": "block/custom/night_vision"},
        {"predicate": {"custom_model_data":14}, "model": "block/custom/screen_head"},
        {"predicate": {"custom_model_data":15}, "model": "block/custom/villager_face"},
        {"predicate": {"custom_model_data":16}, "model": "block/custom/wifi_signal_0"},
        {"predicate": {"custom_model_data":17}, "model": "block/custom/wifi_signal_1"},
        {"predicate": {"custom_model_data":18}, "model": "block/custom/wifi_signal_2"},
        {"predicate": {"custom_model_data":19}, "model": "block/custom/wifi_signal_3"},
        {"predicate": {"custom_model_data":20}, "model": "block/custom/sun"},
        {"predicate": {"custom_model_data":21}, "model": "block/custom/moon"},
        {"predicate": {"custom_model_data":22}, "model": "block/custom/wolf_face"},
        {"predicate": {"custom_model_data":23}, "model": "block/custom/cat_face"},
        {"predicate": {"custom_model_data":24}, "model": "block/custom/head_in_jar"},
        {"predicate": {"custom_model_data":25}, "model": "block/custom/bee_head"},
        {"predicate": {"custom_model_data":26}, "model": "block/custom/bee_on_head"},
        {"predicate": {"custom_model_data":27}, "model": "block/custom/gorges_glasses"},
        {"predicate": {"custom_model_data":199}, "model": "block/custom/spikes"},
        {"predicate": {"custom_model_data":200}, "model": "block/custom/small_plane"},
        {"predicate": {"custom_model_data":201}, "model": "block/custom/bomb_hat"},
        {"predicate": {"custom_model_data":202}, "model": "block/custom/red_baloon"},
        {"predicate": {"custom_model_data":203}, "model": "block/custom/blue_baloon"},
        {"predicate": {"custom_model_data":204}, "model": "block/custom/yellow_baloon"},
        {"predicate": {"custom_model_data":205}, "model": "block/custom/green_baloon"},
        {"predicate": {"custom_model_data":206}, "model": "block/custom/frozen_player"},
        {"predicate": {"custom_model_data":207}, "model": "block/custom/corpse_player"},
        {"predicate": {"custom_model_data":208}, "model": "block/custom/exploded_player"},
        {"predicate": {"custom_model_data":209}, "model": "block/custom/snow_wind_turbine"},
        {"predicate": {"custom_model_data":210}, "model": "block/custom/snow_wind_turbine_1frame"},
        {"predicate": {"custom_model_data":211}, "model": "block/custom/ship"},
        {"predicate": {"custom_model_data":300}, "model": "block/custom/mimic_close"},
        {"predicate": {"custom_model_data":301}, "model": "block/custom/mimic_jump"},
        {"predicate": {"custom_model_data":302}, "model": "block/custom/snow_shovel"},
        {"predicate": {"custom_model_data":303}, "model": "block/custom/nuke_bomb"},
        {"predicate": {"custom_model_data":304}, "model": "block/custom/powerups/powerup_cooldown"},
        {"predicate": {"custom_model_data":666}, "model": "block/custom/death_entity"},
        {"predicate": {"custom_model_data":999}, "model": "block/custom/ai_killer"},
        {"predicate": {"custom_model_data":1000}, "model": "block/custom/hats/ai_killer_head"},
        {"predicate": {"custom_model_data":1001}, "model": "block/custom/hats/walking_death_head"},
        {"predicate": {"custom_model_data":1002}, "model": "block/custom/hats/killer_face_1"},
        {"predicate": {"custom_model_data":1003}, "model": "block/custom/hats/killer_face_2"},
        {"predicate": {"custom_model_data":1004}, "model": "block/custom/hats/killer_face_3"},
        {"predicate": {"custom_model_data":1005}, "model": "block/custom/hats/pacman"},
        {"predicate": {"custom_model_data":1006}, "model": "block/custom/barrel_arrow"},
        {"predicate": {"custom_model_data":1007}, "model": "block/custom/hats/draw"}
    ]
   }