{
	"credit": "Made with Blockbench",
	"texture_size": [32, 32],
	"textures": {
		"0": "block/deathnote",
		"particle": "block/deathnote"
	},
	"elements": [
		{
			"from": [3, 0, 6],
			"to": [13, 15, 7],
			"rotation": {"angle": 0, "axis": "y", "origin": [6, 0, 6]},
			"faces": {
				"north": {"uv": [0, 0, 5, 7.5], "texture": "#0"},
				"east": {"uv": [0, 7.5, 0.5, 15], "texture": "#0"},
				"south": {"uv": [5, 0, 10, 7.5], "texture": "#0"},
				"west": {"uv": [0.5, 7.5, 1, 15], "texture": "#0"},
				"up": {"uv": [6, 8, 1, 7.5], "texture": "#0"},
				"down": {"uv": [11, 7.5, 6, 8], "texture": "#0"}
			}
		},
		{
			"from": [2.5, 13, 6],
			"to": [3, 14, 7],
			"rotation": {"angle": 0, "axis": "y", "origin": [5.75, 1, 6]},
			"faces": {
				"north": {"uv": [1, 8, 1.5, 8.5], "texture": "#0"},
				"east": {"uv": [1.5, 8, 2, 8.5], "texture": "#0"},
				"south": {"uv": [2, 8, 2.5, 8.5], "texture": "#0"},
				"west": {"uv": [2.5, 8, 3, 8.5], "texture": "#0"},
				"up": {"uv": [3.5, 8.5, 3, 8], "texture": "#0"},
				"down": {"uv": [4, 8, 3.5, 8.5], "texture": "#0"}
			}
		},
		{
			"from": [2.5, 11, 6],
			"to": [3, 12, 7],
			"rotation": {"angle": 0, "axis": "y", "origin": [5.75, -1, 6]},
			"faces": {
				"north": {"uv": [4, 8, 4.5, 8.5], "texture": "#0"},
				"east": {"uv": [4.5, 8, 5, 8.5], "texture": "#0"},
				"south": {"uv": [5, 8, 5.5, 8.5], "texture": "#0"},
				"west": {"uv": [5.5, 8, 6, 8.5], "texture": "#0"},
				"up": {"uv": [6.5, 8.5, 6, 8], "texture": "#0"},
				"down": {"uv": [7, 8, 6.5, 8.5], "texture": "#0"}
			}
		},
		{
			"from": [2.5, 9, 6],
			"to": [3, 10, 7],
			"rotation": {"angle": 0, "axis": "y", "origin": [5.75, -3, 6]},
			"faces": {
				"north": {"uv": [7, 8, 7.5, 8.5], "texture": "#0"},
				"east": {"uv": [7.5, 8, 8, 8.5], "texture": "#0"},
				"south": {"uv": [8, 8, 8.5, 8.5], "texture": "#0"},
				"west": {"uv": [1, 8.5, 1.5, 9], "texture": "#0"},
				"up": {"uv": [2, 9, 1.5, 8.5], "texture": "#0"},
				"down": {"uv": [2.5, 8.5, 2, 9], "texture": "#0"}
			}
		},
		{
			"from": [2.5, 7, 6],
			"to": [3, 8, 7],
			"rotation": {"angle": 0, "axis": "y", "origin": [5.75, -5, 6]},
			"faces": {
				"north": {"uv": [2.5, 8.5, 3, 9], "texture": "#0"},
				"east": {"uv": [3, 8.5, 3.5, 9], "texture": "#0"},
				"south": {"uv": [3.5, 8.5, 4, 9], "texture": "#0"},
				"west": {"uv": [4, 8.5, 4.5, 9], "texture": "#0"},
				"up": {"uv": [5, 9, 4.5, 8.5], "texture": "#0"},
				"down": {"uv": [5.5, 8.5, 5, 9], "texture": "#0"}
			}
		},
		{
			"from": [2.5, 5, 6],
			"to": [3, 6, 7],
			"rotation": {"angle": 0, "axis": "y", "origin": [5.75, -7, 6]},
			"faces": {
				"north": {"uv": [5.5, 8.5, 6, 9], "texture": "#0"},
				"east": {"uv": [6, 8.5, 6.5, 9], "texture": "#0"},
				"south": {"uv": [6.5, 8.5, 7, 9], "texture": "#0"},
				"west": {"uv": [7, 8.5, 7.5, 9], "texture": "#0"},
				"up": {"uv": [8, 9, 7.5, 8.5], "texture": "#0"},
				"down": {"uv": [8.5, 8.5, 8, 9], "texture": "#0"}
			}
		},
		{
			"from": [2.5, 3, 6],
			"to": [3, 4, 7],
			"rotation": {"angle": 0, "axis": "y", "origin": [5.75, -9, 6]},
			"faces": {
				"north": {"uv": [8.5, 8, 9, 8.5], "texture": "#0"},
				"east": {"uv": [8.5, 8.5, 9, 9], "texture": "#0"},
				"south": {"uv": [1, 9, 1.5, 9.5], "texture": "#0"},
				"west": {"uv": [1.5, 9, 2, 9.5], "texture": "#0"},
				"up": {"uv": [2.5, 9.5, 2, 9], "texture": "#0"},
				"down": {"uv": [3, 9, 2.5, 9.5], "texture": "#0"}
			}
		},
		{
			"from": [2.5, 1, 6],
			"to": [3, 2, 7],
			"rotation": {"angle": 0, "axis": "y", "origin": [5.75, -11, 6]},
			"faces": {
				"north": {"uv": [3, 9, 3.5, 9.5], "texture": "#0"},
				"east": {"uv": [3.5, 9, 4, 9.5], "texture": "#0"},
				"south": {"uv": [4, 9, 4.5, 9.5], "texture": "#0"},
				"west": {"uv": [4.5, 9, 5, 9.5], "texture": "#0"},
				"up": {"uv": [5.5, 9.5, 5, 9], "texture": "#0"},
				"down": {"uv": [6, 9, 5.5, 9.5], "texture": "#0"}
			}
		}
	],
	"display": {
		"thirdperson_righthand": {
			"rotation": [-1, -99, -4],
			"translation": [-1, -1.5, -0.5],
			"scale": [0.5, 0.5, 0.5]
		},
		"firstperson_righthand": {
			"rotation": [7, -75, 4],
			"translation": [4.25, 1.75, -5.25]
		},
		"ground": {
			"rotation": [-90, 0, 0],
			"scale": [0.6, 0.6, 0.6]
		},
		"gui": {
			"rotation": [29, -43, 0],
			"translation": [-0.5, -0.25, 0],
			"scale": [0.9, 0.9, 0.9]
		}
	}
}