{
	"credit": "Made with Blockbench",
	"texture_size": [32, 32],
	"textures": {
		"0": "block/krest",
		"particle": "block/krest"
	},
	"elements": [
		{
			"from": [7, 2, 7],
			"to": [9, 18, 9],
			"rotation": {"angle": 0, "axis": "y", "origin": [7, 0, 7]},
			"faces": {
				"north": {"uv": [0, 0, 1, 9], "texture": "#0"},
				"east": {"uv": [1, 0, 2, 9], "texture": "#0"},
				"south": {"uv": [2, 0, 3, 9], "texture": "#0"},
				"west": {"uv": [3, 0, 4, 9], "texture": "#0"},
				"up": {"uv": [7.5, 1, 6.5, 0], "texture": "#0"},
				"down": {"uv": [7.5, 1, 6.5, 2], "texture": "#0"}
			}
		},
		{
			"from": [7, 11, 2],
			"to": [9, 13, 7],
			"rotation": {"angle": 0, "axis": "y", "origin": [7, 2, 5]},
			"faces": {
				"north": {"uv": [5, 6.5, 6, 7.5], "texture": "#0"},
				"east": {"uv": [4, 0, 6.5, 1], "texture": "#0"},
				"south": {"uv": [6, 6.5, 7, 7.5], "texture": "#0"},
				"west": {"uv": [4, 1, 6.5, 2], "texture": "#0"},
				"up": {"uv": [5, 4.5, 4, 2], "texture": "#0"},
				"down": {"uv": [5, 4.5, 4, 7], "texture": "#0"}
			}
		},
		{
			"from": [7, 11, 9],
			"to": [9, 13, 14],
			"rotation": {"angle": 0, "axis": "y", "origin": [7, 2, 12]},
			"faces": {
				"north": {"uv": [4, 7, 5, 8], "texture": "#0"},
				"east": {"uv": [5, 2, 7.5, 3], "texture": "#0"},
				"south": {"uv": [7, 4, 8, 5], "texture": "#0"},
				"west": {"uv": [5, 3, 7.5, 4], "texture": "#0"},
				"up": {"uv": [6, 6.5, 5, 4], "texture": "#0"},
				"down": {"uv": [7, 4, 6, 6.5], "texture": "#0"}
			}
		}
	],
	"display": {
		"thirdperson_righthand": {
			"rotation": [0, 75, 0],
			"translation": [0, 0.75, 1.25],
			"scale": [0.5, 0.5, 0.5]
		},
		"firstperson_righthand": {
			"rotation": [4, 95, 0],
			"translation": [0.75, 0.75, 0],
			"scale": [0.7, 0.7, 0.7]
		},
		"ground": {
			"rotation": [0, 0, 90],
			"translation": [0, -0.75, 0],
			"scale": [0.6, 0.6, 0.6]
		},
		"gui": {
			"rotation": [17, -117, 0],
			"translation": [0.25, -1.75, 0]
		}
	}
}