{
	"credit": "Made with Blockbench",
	"textures": {
		"0": "block/bumaga_sam",
		"particle": "block/bumaga_sam"
	},
	"elements": [
		{
			"from": [7.9, 0.925, 6.45],
			"to": [7.9, 2, 13],
			"rotation": {"angle": 0, "axis": "y", "origin": [5.9, 0, 0]},
			"faces": {
				"north": {"uv": [0, 0, 0, 1], "texture": "#0"},
				"east": {"uv": [9, 0, 16, 1], "texture": "#0"},
				"south": {"uv": [0, 0, 0, 1], "texture": "#0"},
				"west": {"uv": [9, 1, 16, 2], "texture": "#0"},
				"up": {"uv": [0, 7, 0, 0], "texture": "#0"},
				"down": {"uv": [0, 0, 0, 7], "texture": "#0"}
			}
		},
		{
			"from": [7, 2, 4.925],
			"to": [7.75, 2, 14],
			"rotation": {"angle": 0, "axis": "y", "origin": [5, 2, 0]},
			"faces": {
				"north": {"uv": [0, 0, 1, 0], "texture": "#0"},
				"east": {"uv": [0, 0, 9, 0], "texture": "#0"},
				"south": {"uv": [0, 0, 1, 0], "texture": "#0"},
				"west": {"uv": [0, 0, 9, 0], "texture": "#0"},
				"up": {"uv": [5, 9, 4, 0], "texture": "#0"},
				"down": {"uv": [6, 0, 5, 9], "texture": "#0"}
			}
		},
		{
			"from": [7.75, 2, 4.925],
			"to": [8.5, 2, 14],
			"rotation": {"angle": 0, "axis": "y", "origin": [5.75, 2, 0]},
			"faces": {
				"north": {"uv": [0, 0, 1, 0], "texture": "#0"},
				"east": {"uv": [0, 0, 9, 0], "texture": "#0"},
				"south": {"uv": [0, 0, 1, 0], "texture": "#0"},
				"west": {"uv": [0, 0, 9, 0], "texture": "#0"},
				"up": {"uv": [7, 9, 6, 0], "texture": "#0"},
				"down": {"uv": [8, 0, 7, 9], "texture": "#0"}
			}
		},
		{
			"from": [8.475, 2, 6.425],
			"to": [9.225, 2, 14],
			"rotation": {"angle": 0, "axis": "y", "origin": [6.475, 2, 0]},
			"faces": {
				"north": {"uv": [0, 0, 1, 0], "texture": "#0"},
				"east": {"uv": [0, 0, 8, 0], "texture": "#0"},
				"south": {"uv": [0, 0, 1, 0], "texture": "#0"},
				"west": {"uv": [0, 0, 8, 0], "texture": "#0"},
				"up": {"uv": [9, 8, 8, 0], "texture": "#0"},
				"down": {"uv": [9, 8, 8, 16], "texture": "#0"}
			}
		},
		{
			"from": [6.25, 2, 6.65],
			"to": [7, 2, 14],
			"rotation": {"angle": 0, "axis": "y", "origin": [4.25, 2, 0]},
			"faces": {
				"north": {"uv": [0, 0, 1, 0], "texture": "#0"},
				"east": {"uv": [0, 0, 7, 0], "texture": "#0"},
				"south": {"uv": [0, 0, 1, 0], "texture": "#0"},
				"west": {"uv": [0, 0, 7, 0], "texture": "#0"},
				"up": {"uv": [10, 9, 9, 2], "texture": "#0"},
				"down": {"uv": [5, 9, 4, 16], "texture": "#0"}
			}
		},
		{
			"from": [9.225, 2, 8.2],
			"to": [9.975, 2, 14],
			"rotation": {"angle": 0, "axis": "y", "origin": [7.225, 2, 0]},
			"faces": {
				"north": {"uv": [0, 0, 1, 0], "texture": "#0"},
				"east": {"uv": [0, 0, 6, 0], "texture": "#0"},
				"south": {"uv": [0, 0, 1, 0], "texture": "#0"},
				"west": {"uv": [0, 0, 6, 0], "texture": "#0"},
				"up": {"uv": [6, 15, 5, 9], "texture": "#0"},
				"down": {"uv": [7, 9, 6, 15], "texture": "#0"}
			}
		},
		{
			"from": [5.5, 2, 8.475],
			"to": [6.25, 2, 14],
			"rotation": {"angle": 0, "axis": "y", "origin": [3.5, 2, 0]},
			"faces": {
				"north": {"uv": [0, 0, 1, 0], "texture": "#0"},
				"east": {"uv": [0, 0, 6, 0], "texture": "#0"},
				"south": {"uv": [0, 0, 1, 0], "texture": "#0"},
				"west": {"uv": [0, 0, 6, 0], "texture": "#0"},
				"up": {"uv": [8, 15, 7, 9], "texture": "#0"},
				"down": {"uv": [10, 9, 9, 15], "texture": "#0"}
			}
		},
		{
			"from": [9.975, 2, 9.725],
			"to": [10.725, 2, 14],
			"rotation": {"angle": 0, "axis": "y", "origin": [7.975, 2, 0]},
			"faces": {
				"north": {"uv": [0, 0, 1, 0], "texture": "#0"},
				"east": {"uv": [0, 0, 4, 0], "texture": "#0"},
				"south": {"uv": [0, 0, 1, 0], "texture": "#0"},
				"west": {"uv": [0, 0, 4, 0], "texture": "#0"},
				"up": {"uv": [11, 6, 10, 2], "texture": "#0"},
				"down": {"uv": [11, 6, 10, 10], "texture": "#0"}
			}
		},
		{
			"from": [4.325, 2, 11.35],
			"to": [5.075, 2, 14],
			"rotation": {"angle": 0, "axis": "y", "origin": [2.325, 2, 0]},
			"faces": {
				"north": {"uv": [0, 0, 1, 0], "texture": "#0"},
				"east": {"uv": [0, 0, 3, 0], "texture": "#0"},
				"south": {"uv": [0, 0, 1, 0], "texture": "#0"},
				"west": {"uv": [0, 0, 3, 0], "texture": "#0"},
				"up": {"uv": [11, 13, 10, 10], "texture": "#0"},
				"down": {"uv": [1, 11, 0, 14], "texture": "#0"}
			}
		},
		{
			"from": [10.725, 2, 11.425],
			"to": [11.525, 2, 14],
			"rotation": {"angle": 0, "axis": "y", "origin": [8.725, 2, 0]},
			"faces": {
				"north": {"uv": [0, 0, 1, 0], "texture": "#0"},
				"east": {"uv": [0, 0, 3, 0], "texture": "#0"},
				"south": {"uv": [0, 0, 1, 0], "texture": "#0"},
				"west": {"uv": [0, 0, 3, 0], "texture": "#0"},
				"up": {"uv": [2, 14, 1, 11], "texture": "#0"},
				"down": {"uv": [3, 11, 2, 14], "texture": "#0"}
			}
		},
		{
			"from": [4.775, 2, 11.025],
			"to": [5.525, 2, 14],
			"rotation": {"angle": 0, "axis": "y", "origin": [2.775, 2, 0]},
			"faces": {
				"north": {"uv": [0, 0, 1, 0], "texture": "#0"},
				"east": {"uv": [0, 0, 3, 0], "texture": "#0"},
				"south": {"uv": [0, 0, 1, 0], "texture": "#0"},
				"west": {"uv": [0, 0, 3, 0], "texture": "#0"},
				"up": {"uv": [12, 5, 11, 2], "texture": "#0"},
				"down": {"uv": [4, 11, 3, 14], "texture": "#0"}
			}
		},
		{
			"from": [4.35, 2.025, 6.15],
			"to": [5.325, 2.025, 17.025],
			"rotation": {"angle": 22.5, "axis": "y", "origin": [0.325, 2.025, -2.55]},
			"faces": {
				"north": {"uv": [0, 0, 1, 0], "texture": "#0"},
				"east": {"uv": [0, 0, 11, 0], "texture": "#0"},
				"south": {"uv": [0, 0, 1, 0], "texture": "#0"},
				"west": {"uv": [0, 0, 11, 0], "texture": "#0"},
				"up": {"uv": [1, 11, 0, 0], "texture": "#0"},
				"down": {"uv": [2, 0, 1, 11], "texture": "#0"}
			}
		},
		{
			"from": [11.15, 2.025, 2.75],
			"to": [12.2, 2.025, 13.575],
			"rotation": {"angle": -22.5, "axis": "y", "origin": [7.175, 2.025, -5.975]},
			"faces": {
				"north": {"uv": [0, 0, 1, 0], "texture": "#0"},
				"east": {"uv": [0, 0, 11, 0], "texture": "#0"},
				"south": {"uv": [0, 0, 1, 0], "texture": "#0"},
				"west": {"uv": [0, 0, 11, 0], "texture": "#0"},
				"up": {"uv": [3, 11, 2, 0], "texture": "#0"},
				"down": {"uv": [4, 0, 3, 11], "texture": "#0"}
			}
		},
		{
			"from": [15.45, 2.02, 2.95],
			"to": [15.975, 2.02, 3.525],
			"rotation": {"angle": -45, "axis": "y", "origin": [11.375, 2.025, -6.025]},
			"faces": {
				"north": {"uv": [0, 0, 1, 0], "texture": "#0"},
				"east": {"uv": [0, 0, 1, 0], "texture": "#0"},
				"south": {"uv": [0, 0, 1, 0], "texture": "#0"},
				"west": {"uv": [0, 0, 1, 0], "texture": "#0"},
				"up": {"uv": [12, 6, 11, 5], "texture": "#0"},
				"down": {"uv": [12, 6, 11, 7], "texture": "#0"}
			}
		}
	],
	"display": {
		"thirdperson_righthand": {
			"translation": [0.25, 3.25, -1.5],
			"scale": [0.5, 0.5, 0.5]
		},
		"thirdperson_lefthand": {
			"scale": [0, 0, 0]
		},
		"firstperson_righthand": {
			"rotation": [-10, 1, 2],
			"translation": [-2.5, 8.75, 0],
			"scale": [0.8, 0.8, 0.8]
		},
		"ground": {
			"translation": [0, 3.25, 0],
			"scale": [0.8, 0.8, 0.8]
		},
		"gui": {
			"rotation": [8, 31, 4],
			"translation": [-4, 11.5, 0],
			"scale": [2, 2, 2]
		},
		"head": {
			"translation": [0, 1.25, 0]
		}
	},
	"groups": [
		{
			"name": "birch_sapling",
			"origin": [8, 8, 8],
			"color": 0,
			"children": [0, 1, 2, 3, 4, 5, 6, 7, 8, 9, 10, 11, 12, 13]
		}
	]
}