{
	"credit": "Made with Blockbench",
	"texture_size": [64, 64],
	"textures": {
		"0": "block/batut",
		"particle": "block/batut"
	},
	"elements": [
		{
			"from": [0, 6, 0],
			"to": [16, 7, 1],
			"rotation": {"angle": 0, "axis": "y", "origin": [0, 6, 0]},
			"faces": {
				"north": {"uv": [5, 2.25, 9, 2.5], "texture": "#0"},
				"east": {"uv": [6.5, 2, 6.75, 2.25], "texture": "#0"},
				"south": {"uv": [5, 2.5, 9, 2.75], "texture": "#0"},
				"west": {"uv": [6.75, 2, 7, 2.25], "texture": "#0"},
				"up": {"uv": [9, 3, 5, 2.75], "texture": "#0"},
				"down": {"uv": [9, 3, 5, 3.25], "texture": "#0"}
			}
		},
		{
			"from": [-4.85, -1.075, 7.25],
			"to": [-3.35, 7.425, 8.75],
			"rotation": {"angle": -22.5, "axis": "z", "origin": [-3.6, -5.075, 7.5]},
			"faces": {
				"north": {"uv": [6, 4.75, 6.25, 7], "texture": "#0"},
				"east": {"uv": [3.5, 0, 4, 2.25], "texture": "#0"},
				"south": {"uv": [6.25, 4.75, 6.5, 7], "texture": "#0"},
				"west": {"uv": [3.5, 2.25, 4, 4.5], "texture": "#0"},
				"up": {"uv": [6.75, 2, 6.5, 1.5], "texture": "#0"},
				"down": {"uv": [7, 1.5, 6.75, 2], "texture": "#0"}
			}
		},
		{
			"from": [19.15, -0.75, 7.25],
			"to": [20.65, 7.75, 8.75],
			"rotation": {"angle": 22.5, "axis": "z", "origin": [20.4, -4.75, 7.5]},
			"faces": {
				"north": {"uv": [6.5, 4.75, 6.75, 7], "texture": "#0"},
				"east": {"uv": [4, 0, 4.5, 2.25], "texture": "#0"},
				"south": {"uv": [3.5, 6.75, 3.75, 9], "texture": "#0"},
				"west": {"uv": [4, 2.25, 4.5, 4.5], "texture": "#0"},
				"up": {"uv": [4.5, 7.25, 4.25, 6.75], "texture": "#0"},
				"down": {"uv": [4.75, 6.75, 4.5, 7.25], "texture": "#0"}
			}
		},
		{
			"from": [0, 6, 15],
			"to": [16, 7, 16],
			"rotation": {"angle": 0, "axis": "y", "origin": [0, 6, 14]},
			"faces": {
				"north": {"uv": [5, 3.25, 9, 3.5], "texture": "#0"},
				"east": {"uv": [4.75, 6.75, 5, 7], "texture": "#0"},
				"south": {"uv": [5, 3.5, 9, 3.75], "texture": "#0"},
				"west": {"uv": [6.75, 4.75, 7, 5], "texture": "#0"},
				"up": {"uv": [9, 4, 5, 3.75], "texture": "#0"},
				"down": {"uv": [9, 4, 5, 4.25], "texture": "#0"}
			}
		},
		{
			"from": [15, 6, 1],
			"to": [16, 7, 15],
			"rotation": {"angle": 0, "axis": "y", "origin": [0, 6, 13]},
			"faces": {
				"north": {"uv": [6.75, 5, 7, 5.25], "texture": "#0"},
				"east": {"uv": [5, 4.25, 8.5, 4.5], "texture": "#0"},
				"south": {"uv": [6.75, 5.25, 7, 5.5], "texture": "#0"},
				"west": {"uv": [5, 4.5, 8.5, 4.75], "texture": "#0"},
				"up": {"uv": [5.25, 8.25, 5, 4.75], "texture": "#0"},
				"down": {"uv": [5.5, 4.75, 5.25, 8.25], "texture": "#0"}
			}
		},
		{
			"from": [7.25, -1.475, 19.15],
			"to": [8.75, 7.025, 20.65],
			"rotation": {"angle": -22.5, "axis": "x", "origin": [-7.5, -4.975, 19.4]},
			"faces": {
				"north": {"uv": [4.5, 0, 5, 2.25], "texture": "#0"},
				"east": {"uv": [4.5, 2.25, 5, 4.5], "texture": "#0"},
				"south": {"uv": [3.5, 4.5, 4, 6.75], "texture": "#0"},
				"west": {"uv": [4, 4.5, 4.5, 6.75], "texture": "#0"},
				"up": {"uv": [6, 2, 5.5, 1.5], "texture": "#0"},
				"down": {"uv": [6.5, 1.5, 6, 2], "texture": "#0"}
			}
		},
		{
			"from": [7.25, -0.7, -4.45],
			"to": [8.75, 7.8, -2.95],
			"rotation": {"angle": 22.5, "axis": "x", "origin": [-7.5, -4.2, -4.2]},
			"faces": {
				"north": {"uv": [4.5, 4.5, 5, 6.75], "texture": "#0"},
				"east": {"uv": [3.75, 6.75, 4, 9], "texture": "#0"},
				"south": {"uv": [5, 0, 5.5, 2.25], "texture": "#0"},
				"west": {"uv": [4, 6.75, 4.25, 9], "texture": "#0"},
				"up": {"uv": [6, 2.25, 5.5, 2], "texture": "#0"},
				"down": {"uv": [6.5, 2, 6, 2.25], "texture": "#0"}
			}
		},
		{
			"from": [0, 6, 1],
			"to": [1, 7, 15],
			"rotation": {"angle": 0, "axis": "y", "origin": [-15, 6, 13]},
			"faces": {
				"north": {"uv": [6.75, 5.5, 7, 5.75], "texture": "#0"},
				"east": {"uv": [5.5, 0, 9, 0.25], "texture": "#0"},
				"south": {"uv": [6.75, 5.75, 7, 6], "texture": "#0"},
				"west": {"uv": [5.5, 0.25, 9, 0.5], "texture": "#0"},
				"up": {"uv": [5.75, 8.25, 5.5, 4.75], "texture": "#0"},
				"down": {"uv": [6, 4.75, 5.75, 8.25], "texture": "#0"}
			}
		},
		{
			"from": [1, 6.25, 1],
			"to": [15, 6.75, 15],
			"rotation": {"angle": 0, "axis": "y", "origin": [-14, 6, 13]},
			"faces": {
				"north": {"uv": [5.5, 0.5, 9, 0.75], "texture": "#0"},
				"east": {"uv": [5.5, 0.75, 9, 1], "texture": "#0"},
				"south": {"uv": [5.5, 1, 9, 1.25], "texture": "#0"},
				"west": {"uv": [5.5, 1.25, 9, 1.5], "texture": "#0"},
				"up": {"uv": [3.5, 3.5, 0, 0], "texture": "#0"},
				"down": {"uv": [3.5, 0, 0, 3.5], "texture": "#0"}
			}
		}
	],
	"display": {
		"thirdperson_righthand": {
			"rotation": [45.25, 0, 0],
			"translation": [-0.25, 0, 0],
			"scale": [0.6, 0.6, 0.6]
		},
		"firstperson_righthand": {
			"translation": [-8.75, 2, -8]
		},
		"ground": {
			"translation": [0, 5, 0],
			"scale": [0.8, 0.8, 0.8]
		},
		"gui": {
			"rotation": [31, -22, 0],
			"translation": [0, 3, 0],
			"scale": [0.8, 0.8, 0.8]
		}
	}
}