{
	"credit": "Made with Blockbench",
	"textures": {
		"0": "block/book",
		"particle": "block/book"
	},
	"elements": [
		{
			"from": [7, 0, 2],
			"to": [9, 17, 13],
			"rotation": {"angle": 0, "axis": "y", "origin": [7, 0, 0]},
			"faces": {
				"north": {"uv": [0, 9, 0.5, 13.25], "texture": "#0"},
				"east": {"uv": [7, 0, 9.75, 4.25], "texture": "#0"},
				"south": {"uv": [0.5, 9, 1, 13.25], "texture": "#0"},
				"west": {"uv": [7, 4.25, 9.75, 8.5], "texture": "#0"},
				"up": {"uv": [1.5, 11.75, 1, 9], "texture": "#0"},
				"down": {"uv": [2, 9, 1.5, 11.75], "texture": "#0"}
			}
		},
		{
			"from": [6, -0.25, 0],
			"to": [7, 17.25, 13.5],
			"rotation": {"angle": 0, "axis": "y", "origin": [5, 0, 0]},
			"faces": {
				"north": {"uv": [2, 9, 2.25, 13.5], "texture": "#0"},
				"east": {"uv": [0, 0, 3.5, 4.5], "texture": "#0"},
				"south": {"uv": [2.25, 9, 2.5, 13.5], "texture": "#0"},
				"west": {"uv": [3.5, 0, 7, 4.5], "texture": "#0"},
				"up": {"uv": [3.25, 12.5, 3, 9], "texture": "#0"},
				"down": {"uv": [3.5, 9, 3.25, 12.5], "texture": "#0"}
			}
		},
		{
			"from": [7, -0.25, 0],
			"to": [9, 17.25, 2],
			"rotation": {"angle": 0, "axis": "y", "origin": [6, 0, 0]},
			"faces": {
				"north": {"uv": [7, 8.5, 7.5, 13], "texture": "#0"},
				"east": {"uv": [7.5, 8.5, 8, 13], "texture": "#0"},
				"south": {"uv": [8, 8.5, 8.5, 13], "texture": "#0"},
				"west": {"uv": [8.5, 8.5, 9, 13], "texture": "#0"},
				"up": {"uv": [4.5, 9.5, 4, 9], "texture": "#0"},
				"down": {"uv": [5, 9, 4.5, 9.5], "texture": "#0"}
			}
		},
		{
			"from": [9, -0.25, 0],
			"to": [10, 17.25, 13.5],
			"rotation": {"angle": 0, "axis": "y", "origin": [8, 0, 0]},
			"faces": {
				"north": {"uv": [2.5, 9, 2.75, 13.5], "texture": "#0"},
				"east": {"uv": [0, 4.5, 3.5, 9], "texture": "#0"},
				"south": {"uv": [2.75, 9, 3, 13.5], "texture": "#0"},
				"west": {"uv": [3.5, 4.5, 7, 9], "texture": "#0"},
				"up": {"uv": [3.75, 12.5, 3.5, 9], "texture": "#0"},
				"down": {"uv": [4, 9, 3.75, 12.5], "texture": "#0"}
			}
		}
	],
	"display": {
		"thirdperson_righthand": {
			"translation": [0, -2, 0.5],
			"scale": [0.4, 0.4, 0.4]
		},
		"thirdperson_lefthand": {
			"translation": [0, -2, 0],
			"scale": [0.4, 0.4, 0.4]
		},
		"firstperson_righthand": {
			"rotation": [-13, 2, -2],
			"translation": [1.5, 1.5, 0],
			"scale": [0.7, 0.7, 0.7]
		},
		"ground": {
			"rotation": [0, 0, -90],
			"scale": [0.6, 0.6, 0.6]
		},
		"gui": {
			"rotation": [26, 58, 0],
			"translation": [1, -0.25, 0],
			"scale": [0.7, 0.7, 0.7]
		}
	},
	"groups": [
		{
			"name": "book",
			"origin": [8, 8, 8],
			"color": 0,
			"children": [0, 1, 2, 3]
		}
	]
}