{
	"credit": "Made with Blockbench",
	"texture_size": [32, 32],
	"textures": {
		"0": "block/defaultgrip",
		"particle": "block/defaultgrip"
	},
	"elements": [
		{
			"from": [6.875, -1, 6.975],
			"to": [8.875, 7, 8.975],
			"rotation": {"angle": 0, "axis": "x", "origin": [6.875, 1, 6.975]},
			"faces": {
				"north": {"uv": [4, 4, 5, 8], "texture": "#0"},
				"east": {"uv": [5, 4, 6, 8], "texture": "#0"},
				"south": {"uv": [6, 4, 7, 8], "texture": "#0"},
				"west": {"uv": [7, 4, 8, 8], "texture": "#0"},
				"up": {"uv": [1, 9, 0, 8], "texture": "#0"},
				"down": {"uv": [9, 0, 8, 1], "texture": "#0"}
			}
		},
		{
			"from": [3.875, 6.6, 3.975],
			"to": [11.875, 8.85, 11.975],
			"rotation": {"angle": 0, "axis": "x", "origin": [6.875, 0.85, 6.975]},
			"faces": {
				"north": {"uv": [4, 0, 8, 1], "texture": "#0"},
				"east": {"uv": [4, 1, 8, 2], "texture": "#0"},
				"south": {"uv": [4, 2, 8, 3], "texture": "#0"},
				"west": {"uv": [4, 3, 8, 4], "texture": "#0"},
				"up": {"uv": [4, 4, 0, 0], "texture": "#0"},
				"down": {"uv": [4, 4, 0, 8], "texture": "#0"}
			}
		}
	]
}