{
	"credit": "Made with Blockbench",
	"textures": {
		"0": "block/cactus_side",
		"particle": "block/cactus_side"
	},
	"elements": [
		{
			"from": [6, 0, 6],
			"to": [10, 20, 10],
			"rotation": {"angle": 0, "axis": "y", "origin": [7, 0, 7]},
			"faces": {
				"north": {"uv": [9.39167, 0.26667, 13.43333, 15.775], "texture": "#0"},
				"east": {"uv": [4.74167, 0, 8.74167, 16], "texture": "#0"},
				"south": {"uv": [5.45, 0, 9.45, 16], "texture": "#0"},
				"west": {"uv": [9.925, 0, 13.925, 16], "texture": "#0"},
				"up": {"uv": [4.10833, 3.53333, 9.13333, 7.53333], "texture": "#0"},
				"down": {"uv": [3.84167, 3.61667, 8.10423, 8.21111], "texture": "#0"}
			}
		},
		{
			"from": [7, 8, 10],
			"to": [9, 10, 16],
			"rotation": {"angle": 0, "axis": "y", "origin": [7, 0, 7]},
			"faces": {
				"north": {"uv": [1.79167, 0.26667, 3.83333, 2.30833], "texture": "#0"},
				"east": {"uv": [3.89167, 0, 9.89167, 2], "texture": "#0"},
				"south": {"uv": [4.6, 0, 6.6, 2], "texture": "#0"},
				"west": {"uv": [5.05833, 0, 11.05833, 2], "texture": "#0"},
				"up": {"uv": [4.10833, 3.53333, 7.13333, 9.53333], "texture": "#0"},
				"down": {"uv": [3.84167, 3.61667, 5.97295, 10.50833], "texture": "#0"}
			}
		},
		{
			"from": [10, 11, 7],
			"to": [16, 13, 9],
			"rotation": {"angle": 0, "axis": "y", "origin": [10, 3, 3]},
			"faces": {
				"north": {"uv": [1.79167, 0.26667, 7.83333, 2.30833], "texture": "#0"},
				"east": {"uv": [3.89167, 0, 5.89167, 2], "texture": "#0"},
				"south": {"uv": [4.6, 0, 10.6, 2], "texture": "#0"},
				"west": {"uv": [1.34167, 0, 3.34167, 2], "texture": "#0"},
				"up": {"uv": [4.2, 3.53333, 11.225, 5.53333], "texture": "#0"},
				"down": {"uv": [3.84167, 3.61667, 10.23551, 5.91389], "texture": "#0"}
			}
		},
		{
			"from": [14, 13, 7],
			"to": [16, 16, 9],
			"rotation": {"angle": 0, "axis": "y", "origin": [10, 5, 3]},
			"faces": {
				"north": {"uv": [1.88333, 0.26667, 3.925, 3.30833], "texture": "#0"},
				"east": {"uv": [3.89167, 0, 5.89167, 3], "texture": "#0"},
				"south": {"uv": [5.45, 0, 7.45, 3], "texture": "#0"},
				"west": {"uv": [1.34167, 0, 3.34167, 3], "texture": "#0"},
				"up": {"uv": [4.10833, 3.53333, 7.13333, 5.53333], "texture": "#0"},
				"down": {"uv": [3.84167, 3.61667, 5.97295, 5.91389], "texture": "#0"}
			}
		},
		{
			"from": [7, 17, 0],
			"to": [9, 20, 2],
			"rotation": {"angle": 0, "axis": "y", "origin": [3, 9, -4]},
			"faces": {
				"north": {"uv": [8.85833, 5.45, 10.9, 8.49167], "texture": "#0"},
				"east": {"uv": [9.03333, 3.70833, 11.03333, 6.70833], "texture": "#0"},
				"south": {"uv": [9.91667, 2.81667, 11.91667, 5.81667], "texture": "#0"},
				"west": {"uv": [6.39167, 2.00833, 8.39167, 5.00833], "texture": "#0"},
				"up": {"uv": [8.93333, 7.06667, 11.95833, 9.06667], "texture": "#0"},
				"down": {"uv": [10.36872, 7.20608, 12.5, 9.5033], "texture": "#0"}
			}
		},
		{
			"from": [7, 10, 14],
			"to": [9, 13, 16],
			"rotation": {"angle": 0, "axis": "y", "origin": [3, 2, 10]},
			"faces": {
				"north": {"uv": [1.79167, 0.26667, 3.83333, 3.30833], "texture": "#0"},
				"east": {"uv": [3.89167, 0, 5.89167, 3], "texture": "#0"},
				"south": {"uv": [5.45, 0, 7.45, 3], "texture": "#0"},
				"west": {"uv": [5.90833, 0, 7.90833, 3], "texture": "#0"},
				"up": {"uv": [4.10833, 3.53333, 7.13333, 5.53333], "texture": "#0"},
				"down": {"uv": [3.84167, 3.61667, 5.97295, 5.91389], "texture": "#0"}
			}
		},
		{
			"from": [2, 5, 7],
			"to": [4, 8, 9],
			"rotation": {"angle": 0, "axis": "y", "origin": [-2, -3, 3]},
			"faces": {
				"north": {"uv": [1.79167, 0.26667, 3.83333, 3.30833], "texture": "#0"},
				"east": {"uv": [3.89167, 0, 5.89167, 3], "texture": "#0"},
				"south": {"uv": [5.45, 0, 7.45, 3], "texture": "#0"},
				"west": {"uv": [1.34167, 0, 3.34167, 3], "texture": "#0"},
				"up": {"uv": [4.10833, 3.53333, 7.13333, 5.53333], "texture": "#0"},
				"down": {"uv": [3.84167, 3.61667, 5.97295, 5.91389], "texture": "#0"}
			}
		},
		{
			"from": [2, 3, 7],
			"to": [8, 5, 9],
			"rotation": {"angle": 0, "axis": "y", "origin": [2, -5, 3]},
			"faces": {
				"north": {"uv": [1.79167, 0.26667, 7.83333, 2.30833], "texture": "#0"},
				"east": {"uv": [3.89167, 0, 5.89167, 2], "texture": "#0"},
				"south": {"uv": [4.6, 0, 10.6, 2], "texture": "#0"},
				"west": {"uv": [1.34167, 0, 3.34167, 2], "texture": "#0"},
				"up": {"uv": [4.10833, 3.53333, 11.13333, 5.53333], "texture": "#0"},
				"down": {"uv": [3.84167, 3.61667, 10.23551, 5.91389], "texture": "#0"}
			}
		},
		{
			"from": [7, 15, 0],
			"to": [9, 17, 6],
			"rotation": {"angle": 0, "axis": "y", "origin": [7, 7, -3]},
			"faces": {
				"north": {"uv": [1.79167, 0.26667, 3.83333, 2.30833], "texture": "#0"},
				"east": {"uv": [6.56667, 4.55833, 12.56667, 6.55833], "texture": "#0"},
				"south": {"uv": [4.6, 0, 6.6, 2], "texture": "#0"},
				"west": {"uv": [1.34167, 0, 7.34167, 2], "texture": "#0"},
				"up": {"uv": [4.10833, 3.53333, 7.13333, 9.53333], "texture": "#0"},
				"down": {"uv": [3.84167, 3.61667, 5.97295, 10.50833], "texture": "#0"}
			}
		},
		{
			"from": [7, 8, 2],
			"to": [9, 11, 4],
			"rotation": {"angle": 0, "axis": "y", "origin": [3, 0, -2]},
			"faces": {
				"north": {"uv": [1.79167, 0.26667, 3.83333, 3.30833], "texture": "#0"},
				"east": {"uv": [3.89167, 0, 5.89167, 3], "texture": "#0"},
				"south": {"uv": [5.45, 0, 7.45, 3], "texture": "#0"},
				"west": {"uv": [10.24167, 0, 12.24167, 3], "texture": "#0"},
				"up": {"uv": [4.10833, 3.53333, 7.13333, 5.53333], "texture": "#0"},
				"down": {"uv": [3.84167, 3.61667, 5.97295, 5.91389], "texture": "#0"}
			}
		},
		{
			"from": [7, 6, 2],
			"to": [9, 8, 6],
			"rotation": {"angle": 0, "axis": "y", "origin": [7, -2, -3]},
			"faces": {
				"north": {"uv": [1.79167, 0.26667, 3.83333, 2.30833], "texture": "#0"},
				"east": {"uv": [3.89167, 0, 7.89167, 2], "texture": "#0"},
				"south": {"uv": [4.6, 0, 6.6, 2], "texture": "#0"},
				"west": {"uv": [1.34167, 0, 5.34167, 2], "texture": "#0"},
				"up": {"uv": [4.10833, 3.53333, 7.13333, 7.53333], "texture": "#0"},
				"down": {"uv": [3.84167, 3.61667, 5.97295, 8.21111], "texture": "#0"}
			}
		}
	]
}