{
	"credit": "Made with Blockbench",
	"texture_size": [32, 32],
	"textures": {
		"0": "block/blackhole",
		"particle": "block/blackhole"
	},
	"elements": [
		{
			"from": [5.5, 0.5, 5],
			"to": [10.5, 5.5, 8],
			"rotation": {"angle": 0, "axis": "y", "origin": [7, 1, 14]},
			"faces": {
				"north": {"uv": [0, 0, 2.5, 2.5], "texture": "#0"},
				"east": {"uv": [0, 5, 1.5, 7.5], "texture": "#0"},
				"south": {"uv": [0, 2.5, 2.5, 5], "texture": "#0"},
				"west": {"uv": [5, 0, 6.5, 2.5], "texture": "#0"},
				"up": {"uv": [4, 6.5, 1.5, 5], "texture": "#0"},
				"down": {"uv": [7.5, 2.5, 5, 4], "texture": "#0"}
			}
		},
		{
			"from": [5.75, 0.75, 8],
			"to": [10.25, 5.25, 11],
			"rotation": {"angle": 0, "axis": "y", "origin": [7, 1, 17]},
			"faces": {
				"north": {"uv": [2.5, 0, 5, 2.5], "texture": "#0"},
				"east": {"uv": [4, 5, 5.5, 7.5], "texture": "#0"},
				"south": {"uv": [2.5, 2.5, 5, 5], "texture": "#0"},
				"west": {"uv": [5.5, 4, 7, 6.5], "texture": "#0"},
				"up": {"uv": [9, 1.5, 6.5, 0], "texture": "#0"},
				"down": {"uv": [4, 6.5, 1.5, 8], "texture": "#0"}
			}
		},
		{
			"from": [7, 1.5, -2.25],
			"to": [9, 3.5, -0.25],
			"rotation": {"angle": 0, "axis": "y", "origin": [7.5, 0, 1.75]},
			"faces": {
				"north": {"uv": [6.5, 1.5, 7.5, 2.5], "texture": "#0"},
				"east": {"uv": [1.5, 8, 2.5, 9], "texture": "#0"},
				"south": {"uv": [2.5, 8, 3.5, 9], "texture": "#0"},
				"west": {"uv": [5, 8, 6, 9], "texture": "#0"},
				"up": {"uv": [7, 9, 6, 8], "texture": "#0"},
				"down": {"uv": [9.5, 4, 8.5, 5], "texture": "#0"}
			}
		},
		{
			"from": [6.75, 1.25, -2.5],
			"to": [9.25, 3.75, 0],
			"rotation": {"angle": 0, "axis": "y", "origin": [7.5, 0, 1.75]},
			"faces": {
				"north": {"uv": [5.5, 6.5, 7, 8], "texture": "#0"},
				"east": {"uv": [7, 4, 8.5, 5.5], "texture": "#0"},
				"south": {"uv": [7, 5.5, 8.5, 7], "texture": "#0"},
				"west": {"uv": [7, 7, 8.5, 8.5], "texture": "#0"},
				"up": {"uv": [1.5, 9, 0, 7.5], "texture": "#0"},
				"down": {"uv": [9, 1.5, 7.5, 3], "texture": "#0"}
			}
		},
		{
			"from": [9.5, 4.3, 2],
			"to": [10.5, 5.3, 5],
			"rotation": {"angle": 22.5, "axis": "x", "origin": [9.5, 3.3, 3]},
			"faces": {
				"north": {"uv": [5, 4, 5.5, 4.5], "texture": "#0"},
				"east": {"uv": [0.5, 9, 2, 9.5], "texture": "#0"},
				"south": {"uv": [5, 4.5, 5.5, 5], "texture": "#0"},
				"west": {"uv": [2, 9, 3.5, 9.5], "texture": "#0"},
				"up": {"uv": [5.5, 10.5, 5, 9], "texture": "#0"},
				"down": {"uv": [6, 9, 5.5, 10.5], "texture": "#0"}
			}
		},
		{
			"from": [9.5, 3.9, 2.775],
			"to": [10.5, 4.9, 3.775],
			"rotation": {"angle": -22.5, "axis": "x", "origin": [9.5, 2.9, 1.775]},
			"faces": {
				"north": {"uv": [5, 7.5, 5.5, 8], "texture": "#0"},
				"east": {"uv": [6.5, 9, 7, 9.5], "texture": "#0"},
				"south": {"uv": [7, 9, 7.5, 9.5], "texture": "#0"},
				"west": {"uv": [7.5, 9, 8, 9.5], "texture": "#0"},
				"up": {"uv": [9.5, 8, 9, 7.5], "texture": "#0"},
				"down": {"uv": [8.5, 9, 8, 9.5], "texture": "#0"}
			}
		},
		{
			"from": [8.25, 4.3, 1.85],
			"to": [9.25, 5.3, 2.85],
			"rotation": {"angle": -22.5, "axis": "x", "origin": [8.25, 3.3, 0.85]},
			"faces": {
				"north": {"uv": [8.5, 9, 9, 9.5], "texture": "#0"},
				"east": {"uv": [9, 8.5, 9.5, 9], "texture": "#0"},
				"south": {"uv": [9, 9, 9.5, 9.5], "texture": "#0"},
				"west": {"uv": [9.5, 0, 10, 0.5], "texture": "#0"},
				"up": {"uv": [1, 10, 0.5, 9.5], "texture": "#0"},
				"down": {"uv": [10, 0.5, 9.5, 1], "texture": "#0"}
			}
		},
		{
			"from": [7, 4.6, 1.125],
			"to": [8, 5.6, 2.125],
			"rotation": {"angle": -22.5, "axis": "x", "origin": [7, 3.6, 0.125]},
			"faces": {
				"north": {"uv": [1, 9.5, 1.5, 10], "texture": "#0"},
				"east": {"uv": [9.5, 1, 10, 1.5], "texture": "#0"},
				"south": {"uv": [1.5, 9.5, 2, 10], "texture": "#0"},
				"west": {"uv": [9.5, 1.5, 10, 2], "texture": "#0"},
				"up": {"uv": [2.5, 10, 2, 9.5], "texture": "#0"},
				"down": {"uv": [3, 9.5, 2.5, 10], "texture": "#0"}
			}
		},
		{
			"from": [5.75, 4.4, 1.6],
			"to": [6.75, 5.4, 2.6],
			"rotation": {"angle": -22.5, "axis": "x", "origin": [5.75, 3.4, 0.6]},
			"faces": {
				"north": {"uv": [3, 9.5, 3.5, 10], "texture": "#0"},
				"east": {"uv": [9.5, 4, 10, 4.5], "texture": "#0"},
				"south": {"uv": [9.5, 4.5, 10, 5], "texture": "#0"},
				"west": {"uv": [9.5, 6, 10, 6.5], "texture": "#0"},
				"up": {"uv": [7, 10, 6.5, 9.5], "texture": "#0"},
				"down": {"uv": [10, 6.5, 9.5, 7], "texture": "#0"}
			}
		},
		{
			"from": [8.25, 4.3, 1],
			"to": [9.25, 5.3, 5],
			"rotation": {"angle": 22.5, "axis": "x", "origin": [8.25, 3.3, 3]},
			"faces": {
				"north": {"uv": [7, 9.5, 7.5, 10], "texture": "#0"},
				"east": {"uv": [8.5, 5, 10.5, 5.5], "texture": "#0"},
				"south": {"uv": [9.5, 7, 10, 7.5], "texture": "#0"},
				"west": {"uv": [8.5, 5.5, 10.5, 6], "texture": "#0"},
				"up": {"uv": [4, 10, 3.5, 8], "texture": "#0"},
				"down": {"uv": [9, 6, 8.5, 8], "texture": "#0"}
			}
		},
		{
			"from": [7, 4.3, 0.25],
			"to": [8, 5.3, 5],
			"rotation": {"angle": 22.5, "axis": "x", "origin": [7, 3.3, 3]},
			"faces": {
				"north": {"uv": [7.5, 9.5, 8, 10], "texture": "#0"},
				"east": {"uv": [7.5, 3, 10, 3.5], "texture": "#0"},
				"south": {"uv": [9.5, 7.5, 10, 8], "texture": "#0"},
				"west": {"uv": [7.5, 3.5, 10, 4], "texture": "#0"},
				"up": {"uv": [4.5, 10, 4, 7.5], "texture": "#0"},
				"down": {"uv": [5, 7.5, 4.5, 10], "texture": "#0"}
			}
		},
		{
			"from": [4.825, 2.3, 3],
			"to": [5.825, 3.3, 5.5],
			"rotation": {"angle": 22.5, "axis": "y", "origin": [4.825, 1.3, 3.5]},
			"faces": {
				"north": {"uv": [8, 9.5, 8.5, 10], "texture": "#0"},
				"east": {"uv": [9, 2, 10.5, 2.5], "texture": "#0"},
				"south": {"uv": [8.5, 9.5, 9, 10], "texture": "#0"},
				"west": {"uv": [9, 2.5, 10.5, 3], "texture": "#0"},
				"up": {"uv": [6.5, 10.5, 6, 9], "texture": "#0"},
				"down": {"uv": [9.5, 6, 9, 7.5], "texture": "#0"}
			}
		},
		{
			"from": [5, 2.3, 1.825],
			"to": [6, 3.3, 3.075],
			"rotation": {"angle": -22.5, "axis": "y", "origin": [5, 1.3, 2.075]},
			"faces": {
				"north": {"uv": [9.5, 8.5, 10, 9], "texture": "#0"},
				"east": {"uv": [9, 9.5, 9.5, 10], "texture": "#0"},
				"south": {"uv": [9.5, 9, 10, 9.5], "texture": "#0"},
				"west": {"uv": [9.5, 9.5, 10, 10], "texture": "#0"},
				"up": {"uv": [10.5, 0.5, 10, 0], "texture": "#0"},
				"down": {"uv": [1, 10, 0.5, 10.5], "texture": "#0"}
			}
		},
		{
			"from": [5.75, 4.3, 0.75],
			"to": [6.75, 5.3, 5],
			"rotation": {"angle": 22.5, "axis": "x", "origin": [5.75, 3.3, 3]},
			"faces": {
				"north": {"uv": [10, 0.5, 10.5, 1], "texture": "#0"},
				"east": {"uv": [7, 8.5, 9, 9], "texture": "#0"},
				"south": {"uv": [1, 10, 1.5, 10.5], "texture": "#0"},
				"west": {"uv": [8.5, 8, 10.5, 8.5], "texture": "#0"},
				"up": {"uv": [0.5, 11, 0, 9], "texture": "#0"},
				"down": {"uv": [9.5, 0, 9, 2], "texture": "#0"}
			}
		}
	],
	"display": {
		"thirdperson_righthand": {
			"translation": [0, 3, 2.75]
		},
		"firstperson_righthand": {
			"rotation": [-2, 11, 0],
			"translation": [0, 8.5, 6]
		},
		"ground": {
			"translation": [0, 5.75, 0]
		},
		"gui": {
			"rotation": [22, 54, 0],
			"translation": [3.5, 4.5, 0],
			"scale": [1.3, 1.3, 1.3]
		}
	}
}