{
	"credit": "Made with Blockbench",
	"texture_size": [64, 64],
	"textures": {
		"0": "block/krest_animation",
		"particle": "block/krest_animation"
	},
	"elements": [
		{
			"from": [-7.5, 0.225, -7.5],
			"to": [24.5, 0.225, 24.5],
			"rotation": {"angle": 0, "axis": "y", "origin": [8.5, 0.225, 8.5]},
			"faces": {
				"north": {"uv": [0, 0, 8, 0], "texture": "#0"},
				"east": {"uv": [0, 0, 8, 0], "texture": "#0"},
				"south": {"uv": [0, 0, 8, 0], "texture": "#0"},
				"west": {"uv": [0, 0, 8, 0], "texture": "#0"},
				"up": {"uv": [16, 16, 0, 0], "texture": "#0"},
				"down": {"uv": [16, 0, 0, 16], "texture": "#0"}
			}
		}
	],
	"display": {
		"gui": {
			"rotation": [23, 7, 0],
			"translation": [0, 6.25, 0]
		}
	}
}