{
	"credit": "Made with Blockbench",
	"texture_size": [64, 64],
	"textures": {
		"0": "block/ink_jar",
		"particle": "block/ink_jar"
	},
	"elements": [
		{
			"from": [2.25, 0, 3.25],
			"to": [14.75, 9, 12.75],
			"rotation": {"angle": 0, "axis": "y", "origin": [7, 0, 7]},
			"faces": {
				"north": {"uv": [3.25, 0, 6.5, 2.25], "texture": "#0"},
				"east": {"uv": [3.25, 4.5, 5.75, 6.75], "texture": "#0"},
				"south": {"uv": [3.25, 2.25, 6.5, 4.5], "texture": "#0"},
				"west": {"uv": [0, 5, 2.5, 7.25], "texture": "#0"},
				"up": {"uv": [3.25, 2.5, 0, 0], "texture": "#0"},
				"down": {"uv": [3.25, 2.5, 0, 5], "texture": "#0"}
			}
		},
		{
			"from": [5.25, 9, 4.75],
			"to": [11.75, 10, 11.5],
			"rotation": {"angle": 0, "axis": "y", "origin": [7, 9, 7]},
			"faces": {
				"north": {"uv": [6.5, 3, 8.25, 3.25], "texture": "#0"},
				"east": {"uv": [6.5, 3.25, 8.25, 3.5], "texture": "#0"},
				"south": {"uv": [6.5, 3.5, 8.25, 3.75], "texture": "#0"},
				"west": {"uv": [6.5, 3.75, 8.25, 4], "texture": "#0"},
				"up": {"uv": [7.5, 6.25, 5.75, 4.5], "texture": "#0"},
				"down": {"uv": [7.5, 6.25, 5.75, 8], "texture": "#0"}
			}
		},
		{
			"from": [4.75, 10, 4.25],
			"to": [5.75, 11, 11.75],
			"rotation": {"angle": 0, "axis": "y", "origin": [7, 10, 7]},
			"faces": {
				"north": {"uv": [6.75, 2.5, 7, 2.75], "texture": "#0"},
				"east": {"uv": [6.5, 0, 8.5, 0.25], "texture": "#0"},
				"south": {"uv": [6.75, 2.75, 7, 3], "texture": "#0"},
				"west": {"uv": [6.5, 0.25, 8.5, 0.5], "texture": "#0"},
				"up": {"uv": [2.75, 7, 2.5, 5], "texture": "#0"},
				"down": {"uv": [3, 5, 2.75, 7], "texture": "#0"}
			}
		},
		{
			"from": [11.25, 10, 4.25],
			"to": [12.25, 11, 11.75],
			"rotation": {"angle": 0, "axis": "y", "origin": [13.5, 10, 7]},
			"faces": {
				"north": {"uv": [3.25, 6.75, 3.5, 7], "texture": "#0"},
				"east": {"uv": [6.5, 0.5, 8.5, 0.75], "texture": "#0"},
				"south": {"uv": [3.5, 6.75, 3.75, 7], "texture": "#0"},
				"west": {"uv": [6.5, 0.75, 8.5, 1], "texture": "#0"},
				"up": {"uv": [3.25, 7, 3, 5], "texture": "#0"},
				"down": {"uv": [6.75, 1, 6.5, 3], "texture": "#0"}
			}
		},
		{
			"from": [5.75, 10, 10.75],
			"to": [11.25, 11, 11.75],
			"rotation": {"angle": 0, "axis": "y", "origin": [12.5, 10, 7]},
			"faces": {
				"north": {"uv": [6.5, 4, 8, 4.25], "texture": "#0"},
				"east": {"uv": [3.75, 6.75, 4, 7], "texture": "#0"},
				"south": {"uv": [6.5, 4.25, 8, 4.5], "texture": "#0"},
				"west": {"uv": [4, 6.75, 4.25, 7], "texture": "#0"},
				"up": {"uv": [8.25, 1.25, 6.75, 1], "texture": "#0"},
				"down": {"uv": [8.25, 1.25, 6.75, 1.5], "texture": "#0"}
			}
		},
		{
			"from": [5.75, 10, 4.25],
			"to": [11.25, 11, 5.25],
			"rotation": {"angle": 0, "axis": "y", "origin": [12.5, 10, 0.5]},
			"faces": {
				"north": {"uv": [6.75, 1.5, 8.25, 1.75], "texture": "#0"},
				"east": {"uv": [4.25, 6.75, 4.5, 7], "texture": "#0"},
				"south": {"uv": [6.75, 1.75, 8.25, 2], "texture": "#0"},
				"west": {"uv": [4.5, 6.75, 4.75, 7], "texture": "#0"},
				"up": {"uv": [8.25, 2.25, 6.75, 2], "texture": "#0"},
				"down": {"uv": [8.25, 2.25, 6.75, 2.5], "texture": "#0"}
			}
		}
	],
	"display": {
		"thirdperson_righthand": {
			"rotation": [3.41, 28.86, -13.21],
			"scale": [0.4, 0.4, 0.4]
		},
		"firstperson_righthand": {
			"rotation": [11, 28, 0],
			"translation": [1.25, 2.25, 0],
			"scale": [0.8, 0.8, 0.8]
		},
		"ground": {
			"translation": [0, 3.25, 0],
			"scale": [0.7, 0.7, 0.7]
		},
		"gui": {
			"rotation": [40, -37, 0],
			"translation": [0, 2.5, 0],
			"scale": [0.9, 0.9, 0.9]
		}
	}
}