{
	"credit": "Made with Blockbench",
	"texture_size": [32, 32],
	"textures": {
		"0": "block/sniper",
		"particle": "block/sniper"
	},
	"elements": [
		{
			"from": [7, 0, 7],
			"to": [9, 11, 9],
			"rotation": {"angle": 0, "axis": "y", "origin": [7, 0, 7]},
			"faces": {
				"north": {"uv": [4, 0, 5, 5.5], "texture": "#0"},
				"east": {"uv": [5, 0, 6, 5.5], "texture": "#0"},
				"south": {"uv": [4, 5.5, 5, 11], "texture": "#0"},
				"west": {"uv": [5, 5.5, 6, 11], "texture": "#0"},
				"up": {"uv": [12.5, 9, 11.5, 8], "texture": "#0"},
				"down": {"uv": [7, 12, 6, 13], "texture": "#0"}
			}
		},
		{
			"from": [6.75, -0.25, 6.75],
			"to": [9.25, 2.75, 9.25],
			"rotation": {"angle": 0, "axis": "y", "origin": [7, -0.25, 7]},
			"faces": {
				"north": {"uv": [10, 0, 11.5, 1.5], "texture": "#0"},
				"east": {"uv": [10, 1.5, 11.5, 3], "texture": "#0"},
				"south": {"uv": [10, 3, 11.5, 4.5], "texture": "#0"},
				"west": {"uv": [10, 4.5, 11.5, 6], "texture": "#0"},
				"up": {"uv": [11.5, 7.5, 10, 6], "texture": "#0"},
				"down": {"uv": [11.5, 7.5, 10, 9], "texture": "#0"}
			}
		},
		{
			"from": [4, 11, 7.025],
			"to": [12, 13, 8.975],
			"rotation": {"angle": 0, "axis": "y", "origin": [7, 2, 7]},
			"faces": {
				"north": {"uv": [6, 0, 10, 1], "texture": "#0"},
				"east": {"uv": [7, 12, 8, 13], "texture": "#0"},
				"south": {"uv": [6, 1, 10, 2], "texture": "#0"},
				"west": {"uv": [8, 12, 9, 13], "texture": "#0"},
				"up": {"uv": [10, 3, 6, 2], "texture": "#0"},
				"down": {"uv": [10, 3, 6, 4], "texture": "#0"}
			}
		},
		{
			"from": [-3.8, 17.05, 7],
			"to": [-0.95, 19.5, 9],
			"rotation": {"angle": -45, "axis": "z", "origin": [-5.8, 8.05, 7]},
			"faces": {
				"north": {"uv": [4, 11, 5.5, 12], "texture": "#0"},
				"east": {"uv": [12.5, 8, 13.5, 9], "texture": "#0"},
				"south": {"uv": [11, 10, 12.5, 11], "texture": "#0"},
				"west": {"uv": [12.5, 10, 13.5, 11], "texture": "#0"},
				"up": {"uv": [12.5, 12, 11, 11], "texture": "#0"},
				"down": {"uv": [13, 0, 11.5, 1], "texture": "#0"}
			}
		},
		{
			"from": [16.025, 16.95, 7],
			"to": [18.475, 19.8, 9],
			"rotation": {"angle": -45, "axis": "z", "origin": [8.025, 21.8, 7]},
			"faces": {
				"north": {"uv": [11.5, 5, 12.5, 6.5], "texture": "#0"},
				"east": {"uv": [11.5, 6.5, 12.5, 8], "texture": "#0"},
				"south": {"uv": [0, 12, 1, 13.5], "texture": "#0"},
				"west": {"uv": [1, 12, 2, 13.5], "texture": "#0"},
				"up": {"uv": [14, 2, 13, 1], "texture": "#0"},
				"down": {"uv": [14, 2, 13, 3], "texture": "#0"}
			}
		},
		{
			"from": [8.075, 25.95, 7],
			"to": [10.525, 28.8, 9],
			"rotation": {"angle": -45, "axis": "z", "origin": [-0.925, 30.8, 7]},
			"faces": {
				"north": {"uv": [2, 12, 3, 13.5], "texture": "#0"},
				"east": {"uv": [3, 12, 4, 13.5], "texture": "#0"},
				"south": {"uv": [4, 12, 5, 13.5], "texture": "#0"},
				"west": {"uv": [5, 12, 6, 13.5], "texture": "#0"},
				"up": {"uv": [14, 4, 13, 3], "texture": "#0"},
				"down": {"uv": [14, 4, 13, 5], "texture": "#0"}
			}
		},
		{
			"from": [5.175, 25.05, 7],
			"to": [8.025, 27.5, 9],
			"rotation": {"angle": -45, "axis": "z", "origin": [3.175, 17.05, 7]},
			"faces": {
				"north": {"uv": [11.5, 1, 13, 2], "texture": "#0"},
				"east": {"uv": [12.5, 11, 13.5, 12], "texture": "#0"},
				"south": {"uv": [11.5, 2, 13, 3], "texture": "#0"},
				"west": {"uv": [13, 0, 14, 1], "texture": "#0"},
				"up": {"uv": [13, 4, 11.5, 3], "texture": "#0"},
				"down": {"uv": [13, 4, 11.5, 5], "texture": "#0"}
			}
		},
		{
			"from": [12, 13, 7.025],
			"to": [14, 21, 8.975],
			"rotation": {"angle": 0, "axis": "y", "origin": [9, 4, 7]},
			"faces": {
				"north": {"uv": [0, 8, 1, 12], "texture": "#0"},
				"east": {"uv": [1, 8, 2, 12], "texture": "#0"},
				"south": {"uv": [2, 8, 3, 12], "texture": "#0"},
				"west": {"uv": [3, 8, 4, 12], "texture": "#0"},
				"up": {"uv": [13, 13, 12, 12], "texture": "#0"},
				"down": {"uv": [13.5, 5, 12.5, 6], "texture": "#0"}
			}
		},
		{
			"from": [2, 13, 7.025],
			"to": [4, 21, 8.975],
			"rotation": {"angle": 0, "axis": "y", "origin": [-1, 4, 7]},
			"faces": {
				"north": {"uv": [6, 8, 7, 12], "texture": "#0"},
				"east": {"uv": [7, 8, 8, 12], "texture": "#0"},
				"south": {"uv": [8, 8, 9, 12], "texture": "#0"},
				"west": {"uv": [9, 8, 10, 12], "texture": "#0"},
				"up": {"uv": [13.5, 7, 12.5, 6], "texture": "#0"},
				"down": {"uv": [13.5, 7, 12.5, 8], "texture": "#0"}
			}
		},
		{
			"from": [4, 13, 7.5],
			"to": [12, 21, 8.5],
			"rotation": {"angle": 0, "axis": "y", "origin": [1, 4, 7]},
			"faces": {
				"north": {"uv": [0, 0, 4, 4], "texture": "#0"},
				"east": {"uv": [10, 9, 10.5, 13], "texture": "#0"},
				"south": {"uv": [0, 4, 4, 8], "texture": "#0"},
				"west": {"uv": [10.5, 9, 11, 13], "texture": "#0"},
				"up": {"uv": [15, 9.5, 11, 9], "texture": "#0"},
				"down": {"uv": [15, 9.5, 11, 10], "texture": "#0"}
			}
		},
		{
			"from": [4, 21, 7.025],
			"to": [12, 23, 8.975],
			"rotation": {"angle": 0, "axis": "y", "origin": [7, 12, 7]},
			"faces": {
				"north": {"uv": [6, 4, 10, 5], "texture": "#0"},
				"east": {"uv": [9, 12, 10, 13], "texture": "#0"},
				"south": {"uv": [6, 5, 10, 6], "texture": "#0"},
				"west": {"uv": [11, 12, 12, 13], "texture": "#0"},
				"up": {"uv": [10, 7, 6, 6], "texture": "#0"},
				"down": {"uv": [10, 7, 6, 8], "texture": "#0"}
			}
		}
	],
	"display": {
		"thirdperson_righthand": {
			"rotation": [3.53, -29.1, 13.36],
			"translation": [-1, 1.75, 0.75],
			"scale": [0.5, 0.5, 0.5]
		},
		"thirdperson_lefthand": {
			"scale": [0, 0, 0]
		},
		"firstperson_righthand": {
			"rotation": [2, 5, 4],
			"translation": [2.25, 0, -1],
			"scale": [0.7, 0.7, 0.5]
		},
		"firstperson_lefthand": {
			"rotation": [0, 0, -43],
			"translation": [-13.5, 3.5, 6.75],
			"scale": [0.7, 0.7, 0.5]
		},
		"ground": {
			"rotation": [90, 0, 0],
			"translation": [0, -0.75, 0],
			"scale": [0.7, 0.7, 0.7]
		},
		"gui": {
			"rotation": [23, -31, 0],
			"translation": [0.5, -2, 0],
			"scale": [0.7, 0.7, 0.7]
		}
	}
}