{
	"credit": "Made with Blockbench",
	"texture_size": [32, 32],
	"textures": {
		"0": "block/loza",
		"particle": "block/loza"
	},
	"elements": [
		{
			"from": [0, 0, 0],
			"to": [16, 1, 1],
			"faces": {
				"north": {"uv": [0, 0, 8, 0.5], "texture": "#0"},
				"east": {"uv": [2, 6, 2.5, 6.5], "texture": "#0"},
				"south": {"uv": [0, 0.5, 8, 1], "texture": "#0"},
				"west": {"uv": [2.5, 6, 3, 6.5], "texture": "#0"},
				"up": {"uv": [8, 0.95192, 0, 0.63462], "texture": "#0"},
				"down": {"uv": [7.5, 0.89423, 0, 1.19231], "texture": "#0"}
			}
		},
		{
			"from": [14, 1, 2],
			"to": [15, 2, 16],
			"rotation": {"angle": 0, "axis": "y", "origin": [14, 1, 15]},
			"faces": {
				"north": {"uv": [7.5, 4, 8, 4.5], "texture": "#0"},
				"east": {"uv": [1, 5, 8, 5.5], "texture": "#0"},
				"south": {"uv": [4.5, 7.5, 5, 8], "texture": "#0"},
				"west": {"uv": [1, 5.5, 8, 6], "texture": "#0"},
				"up": {"uv": [1.5, 8.25, 1, 3.80769], "texture": "#0"},
				"down": {"uv": [1.875, 3.57692, 1.40625, 7.75], "texture": "#0"}
			}
		},
		{
			"from": [14.35, 1, 15],
			"to": [15.35, 2.25, 15],
			"rotation": {"angle": 0, "axis": "y", "origin": [14.35, 1, 15]},
			"faces": {
				"north": {"uv": [3.5, 7.5, 4, 8], "texture": "#0"},
				"east": {"uv": [0, 0, 0, 0.5], "texture": "#0"},
				"south": {"uv": [4, 7.5, 4.5, 8], "texture": "#0"},
				"west": {"uv": [0, 0, 0, 0.5], "texture": "#0"},
				"up": {"uv": [0.5, 0, 0, 0], "texture": "#0"},
				"down": {"uv": [0.46875, 0, 0, 0], "texture": "#0"}
			}
		},
		{
			"from": [14.35, 1.175, 10],
			"to": [15.35, 2.425, 10],
			"rotation": {"angle": 22.5, "axis": "y", "origin": [14.35, 1.175, 10]},
			"faces": {
				"north": {"uv": [2.5, 7.5, 3, 8], "texture": "#0"},
				"east": {"uv": [0, 0, 0, 0.5], "texture": "#0"},
				"south": {"uv": [3, 7.5, 3.5, 8], "texture": "#0"},
				"west": {"uv": [0, 0, 0, 0.5], "texture": "#0"},
				"up": {"uv": [0.5, 0, 0, 0], "texture": "#0"},
				"down": {"uv": [0.46875, 0, 0, 0], "texture": "#0"}
			}
		},
		{
			"from": [14.35, 0.675, 6],
			"to": [15.35, 1.925, 6],
			"rotation": {"angle": 0, "axis": "y", "origin": [14.35, 0.675, 6]},
			"faces": {
				"north": {"uv": [7, 7, 7.5, 7.5], "texture": "#0"},
				"east": {"uv": [0, 0, 0, 0.5], "texture": "#0"},
				"south": {"uv": [2, 7.5, 2.5, 8], "texture": "#0"},
				"west": {"uv": [0, 0, 0, 0.5], "texture": "#0"},
				"up": {"uv": [0.5, 0, 0, 0], "texture": "#0"},
				"down": {"uv": [0.46875, 0, 0, 0], "texture": "#0"}
			}
		},
		{
			"from": [14.35, 1, 3],
			"to": [15.35, 2.25, 3],
			"rotation": {"angle": 0, "axis": "y", "origin": [14.35, 1, 3]},
			"faces": {
				"north": {"uv": [6.5, 7, 7, 7.5], "texture": "#0"},
				"east": {"uv": [0, 0, 0, 0.5], "texture": "#0"},
				"south": {"uv": [7, 6.5, 7.5, 7], "texture": "#0"},
				"west": {"uv": [0, 0, 0, 0.5], "texture": "#0"},
				"up": {"uv": [0.5, 0, 0, 0], "texture": "#0"},
				"down": {"uv": [0.46875, 0, 0, 0], "texture": "#0"}
			}
		},
		{
			"from": [-1.4, 0.675, 3],
			"to": [-0.4, 1.925, 3],
			"rotation": {"angle": 0, "axis": "y", "origin": [-1.4, 0.675, 3]},
			"faces": {
				"north": {"uv": [6, 7, 6.5, 7.5], "texture": "#0"},
				"east": {"uv": [0, 0, 0, 0.5], "texture": "#0"},
				"south": {"uv": [7, 6, 7.5, 6.5], "texture": "#0"},
				"west": {"uv": [0, 0, 0, 0.5], "texture": "#0"},
				"up": {"uv": [0.5, 0, 0, 0], "texture": "#0"},
				"down": {"uv": [0.46875, 0, 0, 0], "texture": "#0"}
			}
		},
		{
			"from": [-1.4, 1, 9],
			"to": [-0.4, 2.25, 9],
			"rotation": {"angle": 22.5, "axis": "y", "origin": [-1.4, 1, 9]},
			"faces": {
				"north": {"uv": [5, 7, 5.5, 7.5], "texture": "#0"},
				"east": {"uv": [0, 0, 0, 0.5], "texture": "#0"},
				"south": {"uv": [5.5, 7, 6, 7.5], "texture": "#0"},
				"west": {"uv": [0, 0, 0, 0.5], "texture": "#0"},
				"up": {"uv": [0.5, 0, 0, 0], "texture": "#0"},
				"down": {"uv": [0.46875, 0, 0, 0], "texture": "#0"}
			}
		},
		{
			"from": [-1.4, 1, 13],
			"to": [-0.4, 2.25, 13],
			"rotation": {"angle": 0, "axis": "y", "origin": [-1.4, 1, 13]},
			"faces": {
				"north": {"uv": [4.5, 7, 5, 7.5], "texture": "#0"},
				"east": {"uv": [0, 0, 0, 0.5], "texture": "#0"},
				"south": {"uv": [7, 4.5, 7.5, 5], "texture": "#0"},
				"west": {"uv": [0, 0, 0, 0.5], "texture": "#0"},
				"up": {"uv": [0.5, 0, 0, 0], "texture": "#0"},
				"down": {"uv": [0.46875, 0, 0, 0], "texture": "#0"}
			}
		},
		{
			"from": [-1.4, 1.175, 15],
			"to": [-0.4, 2.425, 15],
			"rotation": {"angle": 22.5, "axis": "y", "origin": [-1.4, 1.175, 15]},
			"faces": {
				"north": {"uv": [4, 7, 4.5, 7.5], "texture": "#0"},
				"east": {"uv": [0, 0, 0, 0.5], "texture": "#0"},
				"south": {"uv": [7, 4, 7.5, 4.5], "texture": "#0"},
				"west": {"uv": [0, 0, 0, 0.5], "texture": "#0"},
				"up": {"uv": [0.5, 0, 0, 0], "texture": "#0"},
				"down": {"uv": [0.46875, 0, 0, 0], "texture": "#0"}
			}
		},
		{
			"from": [-1, 1, 2],
			"to": [0, 2, 16],
			"rotation": {"angle": 0, "axis": "y", "origin": [-1, 1, 15]},
			"faces": {
				"north": {"uv": [3, 7, 3.5, 7.5], "texture": "#0"},
				"east": {"uv": [0, 4, 7, 4.5], "texture": "#0"},
				"south": {"uv": [3.5, 7, 4, 7.5], "texture": "#0"},
				"west": {"uv": [0, 4.5, 7, 5], "texture": "#0"},
				"up": {"uv": [0.5, 7.61538, 0, 3.17308], "texture": "#0"},
				"down": {"uv": [0.9375, 2.98077, 0.46875, 7.15385], "texture": "#0"}
			}
		},
		{
			"from": [-1, 1, 16],
			"to": [15, 2, 17],
			"rotation": {"angle": 0, "axis": "y", "origin": [-1, 1, 16]},
			"faces": {
				"north": {"uv": [0, 2, 8, 2.5], "texture": "#0"},
				"east": {"uv": [2, 7, 2.5, 7.5], "texture": "#0"},
				"south": {"uv": [0, 2.5, 8, 3], "texture": "#0"},
				"west": {"uv": [2.5, 7, 3, 7.5], "texture": "#0"},
				"up": {"uv": [8, 2.22115, 0, 1.90385], "texture": "#0"},
				"down": {"uv": [7.5, 2.08654, 0, 2.38462], "texture": "#0"}
			}
		},
		{
			"from": [14, 1, 16.25],
			"to": [14, 2.375, 17.6],
			"rotation": {"angle": 0, "axis": "y", "origin": [13, 1, 16.6]},
			"faces": {
				"north": {"uv": [0, 0, 0, 0.5], "texture": "#0"},
				"east": {"uv": [6.5, 6, 7, 6.5], "texture": "#0"},
				"south": {"uv": [0, 0, 0, 0.5], "texture": "#0"},
				"west": {"uv": [6.5, 6.5, 7, 7], "texture": "#0"},
				"up": {"uv": [0, 0.31731, 0, 0], "texture": "#0"},
				"down": {"uv": [0, 0, 0, 0.29808], "texture": "#0"}
			}
		},
		{
			"from": [12, 1, 16.25],
			"to": [12, 2.375, 17.6],
			"rotation": {"angle": 22.5, "axis": "y", "origin": [11, 1, 16.6]},
			"faces": {
				"north": {"uv": [0, 0, 0, 0.5], "texture": "#0"},
				"east": {"uv": [5.5, 6.5, 6, 7], "texture": "#0"},
				"south": {"uv": [0, 0, 0, 0.5], "texture": "#0"},
				"west": {"uv": [6, 6.5, 6.5, 7], "texture": "#0"},
				"up": {"uv": [0, 0.31731, 0, 0], "texture": "#0"},
				"down": {"uv": [0, 0, 0, 0.29808], "texture": "#0"}
			}
		},
		{
			"from": [7, 1.175, 16.25],
			"to": [7, 2.55, 17.6],
			"rotation": {"angle": 0, "axis": "y", "origin": [6, 1.175, 16.6]},
			"faces": {
				"north": {"uv": [0, 0, 0, 0.5], "texture": "#0"},
				"east": {"uv": [4.5, 6.5, 5, 7], "texture": "#0"},
				"south": {"uv": [0, 0, 0, 0.5], "texture": "#0"},
				"west": {"uv": [5, 6.5, 5.5, 7], "texture": "#0"},
				"up": {"uv": [0, 0.31731, 0, 0], "texture": "#0"},
				"down": {"uv": [0, 0, 0, 0.29808], "texture": "#0"}
			}
		},
		{
			"from": [3, 0.675, 16.25],
			"to": [3, 2.05, 17.6],
			"rotation": {"angle": 0, "axis": "y", "origin": [2, 0.675, 16.6]},
			"faces": {
				"north": {"uv": [0, 0, 0, 0.5], "texture": "#0"},
				"east": {"uv": [3.5, 6.5, 4, 7], "texture": "#0"},
				"south": {"uv": [0, 0, 0, 0.5], "texture": "#0"},
				"west": {"uv": [4, 6.5, 4.5, 7], "texture": "#0"},
				"up": {"uv": [0, 0.31731, 0, 0], "texture": "#0"},
				"down": {"uv": [0, 0, 0, 0.29808], "texture": "#0"}
			}
		},
		{
			"from": [1, 1, 16.25],
			"to": [1, 2.375, 17.6],
			"rotation": {"angle": 0, "axis": "y", "origin": [0, 1, 16.6]},
			"faces": {
				"north": {"uv": [0, 0, 0, 0.5], "texture": "#0"},
				"east": {"uv": [2.5, 6.5, 3, 7], "texture": "#0"},
				"south": {"uv": [0, 0, 0, 0.5], "texture": "#0"},
				"west": {"uv": [3, 6.5, 3.5, 7], "texture": "#0"},
				"up": {"uv": [0, 0.31731, 0, 0], "texture": "#0"},
				"down": {"uv": [0, 0, 0, 0.29808], "texture": "#0"}
			}
		},
		{
			"from": [1, 1.175, 0.55],
			"to": [1, 2.55, 1.9],
			"rotation": {"angle": 0, "axis": "y", "origin": [0, 1.175, 0.9]},
			"faces": {
				"north": {"uv": [0, 0, 0, 0.5], "texture": "#0"},
				"east": {"uv": [6, 6, 6.5, 6.5], "texture": "#0"},
				"south": {"uv": [0, 0, 0, 0.5], "texture": "#0"},
				"west": {"uv": [2, 6.5, 2.5, 7], "texture": "#0"},
				"up": {"uv": [0, 0.31731, 0, 0], "texture": "#0"},
				"down": {"uv": [0, 0, 0, 0.29808], "texture": "#0"}
			}
		},
		{
			"from": [12, 1.175, 0.55],
			"to": [12, 2.55, 1.9],
			"rotation": {"angle": 0, "axis": "y", "origin": [11, 1.175, 0.9]},
			"faces": {
				"north": {"uv": [0, 0, 0, 0.5], "texture": "#0"},
				"east": {"uv": [5, 6, 5.5, 6.5], "texture": "#0"},
				"south": {"uv": [0, 0, 0, 0.5], "texture": "#0"},
				"west": {"uv": [5.5, 6, 6, 6.5], "texture": "#0"},
				"up": {"uv": [0, 0.31731, 0, 0], "texture": "#0"},
				"down": {"uv": [0, 0, 0, 0.29808], "texture": "#0"}
			}
		},
		{
			"from": [8, 0.675, 0.55],
			"to": [8, 2.05, 1.9],
			"rotation": {"angle": 0, "axis": "y", "origin": [7, 0.675, 0.9]},
			"faces": {
				"north": {"uv": [0, 0, 0, 0.5], "texture": "#0"},
				"east": {"uv": [4, 6, 4.5, 6.5], "texture": "#0"},
				"south": {"uv": [0, 0, 0, 0.5], "texture": "#0"},
				"west": {"uv": [4.5, 6, 5, 6.5], "texture": "#0"},
				"up": {"uv": [0, 0.31731, 0, 0], "texture": "#0"},
				"down": {"uv": [0, 0, 0, 0.29808], "texture": "#0"}
			}
		},
		{
			"from": [5, 1, 0.55],
			"to": [5, 2.375, 1.9],
			"rotation": {"angle": 22.5, "axis": "y", "origin": [4, 1, 0.9]},
			"faces": {
				"north": {"uv": [0, 0, 0, 0.5], "texture": "#0"},
				"east": {"uv": [3, 6, 3.5, 6.5], "texture": "#0"},
				"south": {"uv": [0, 0, 0, 0.5], "texture": "#0"},
				"west": {"uv": [3.5, 6, 4, 6.5], "texture": "#0"},
				"up": {"uv": [0, 0.31731, 0, 0], "texture": "#0"},
				"down": {"uv": [0, 0, 0, 0.29808], "texture": "#0"}
			}
		},
		{
			"from": [-1, 1, 1],
			"to": [15, 2, 2],
			"rotation": {"angle": 0, "axis": "y", "origin": [-1, 1, 1]},
			"faces": {
				"north": {"uv": [0, 0, 8, 0.5], "texture": "#0"},
				"east": {"uv": [2, 6, 2.5, 6.5], "texture": "#0"},
				"south": {"uv": [0, 0.5, 8, 1], "texture": "#0"},
				"west": {"uv": [2.5, 6, 3, 6.5], "texture": "#0"},
				"up": {"uv": [8, 0.95192, 0, 0.63462], "texture": "#0"},
				"down": {"uv": [7.5, 0.89423, 0, 1.19231], "texture": "#0"}
			}
		},
		{
			"from": [16, 2, 0],
			"to": [17, 3, 14],
			"rotation": {"angle": 0, "axis": "y", "origin": [16, 2, 13]},
			"faces": {
				"north": {"uv": [7.5, 4, 8, 4.5], "texture": "#0"},
				"east": {"uv": [1, 5, 8, 5.5], "texture": "#0"},
				"south": {"uv": [4.5, 7.5, 5, 8], "texture": "#0"},
				"west": {"uv": [1, 5.5, 8, 6], "texture": "#0"},
				"up": {"uv": [1.5, 8.25, 1, 3.80769], "texture": "#0"},
				"down": {"uv": [1.875, 3.57692, 1.40625, 7.75], "texture": "#0"}
			}
		},
		{
			"from": [16.35, 2, 13],
			"to": [17.35, 3.25, 13],
			"rotation": {"angle": 0, "axis": "y", "origin": [16.35, 2, 13]},
			"faces": {
				"north": {"uv": [3.5, 7.5, 4, 8], "texture": "#0"},
				"east": {"uv": [0, 0, 0, 0.5], "texture": "#0"},
				"south": {"uv": [4, 7.5, 4.5, 8], "texture": "#0"},
				"west": {"uv": [0, 0, 0, 0.5], "texture": "#0"},
				"up": {"uv": [0.5, 0, 0, 0], "texture": "#0"},
				"down": {"uv": [0.46875, 0, 0, 0], "texture": "#0"}
			}
		},
		{
			"from": [16.35, 2.175, 8],
			"to": [17.35, 3.425, 8],
			"rotation": {"angle": 22.5, "axis": "y", "origin": [16.35, 2.175, 8]},
			"faces": {
				"north": {"uv": [2.5, 7.5, 3, 8], "texture": "#0"},
				"east": {"uv": [0, 0, 0, 0.5], "texture": "#0"},
				"south": {"uv": [3, 7.5, 3.5, 8], "texture": "#0"},
				"west": {"uv": [0, 0, 0, 0.5], "texture": "#0"},
				"up": {"uv": [0.5, 0, 0, 0], "texture": "#0"},
				"down": {"uv": [0.46875, 0, 0, 0], "texture": "#0"}
			}
		},
		{
			"from": [16.35, 1.675, 4],
			"to": [17.35, 2.925, 4],
			"rotation": {"angle": 0, "axis": "y", "origin": [16.35, 1.675, 4]},
			"faces": {
				"north": {"uv": [7, 7, 7.5, 7.5], "texture": "#0"},
				"east": {"uv": [0, 0, 0, 0.5], "texture": "#0"},
				"south": {"uv": [2, 7.5, 2.5, 8], "texture": "#0"},
				"west": {"uv": [0, 0, 0, 0.5], "texture": "#0"},
				"up": {"uv": [0.5, 0, 0, 0], "texture": "#0"},
				"down": {"uv": [0.46875, 0, 0, 0], "texture": "#0"}
			}
		},
		{
			"from": [16.35, 2, 1],
			"to": [17.35, 3.25, 1],
			"rotation": {"angle": 0, "axis": "y", "origin": [16.35, 2, 1]},
			"faces": {
				"north": {"uv": [6.5, 7, 7, 7.5], "texture": "#0"},
				"east": {"uv": [0, 0, 0, 0.5], "texture": "#0"},
				"south": {"uv": [7, 6.5, 7.5, 7], "texture": "#0"},
				"west": {"uv": [0, 0, 0, 0.5], "texture": "#0"},
				"up": {"uv": [0.5, 0, 0, 0], "texture": "#0"},
				"down": {"uv": [0.46875, 0, 0, 0], "texture": "#0"}
			}
		},
		{
			"from": [0.6, 1.675, 1],
			"to": [1.6, 2.925, 1],
			"rotation": {"angle": 0, "axis": "y", "origin": [0.6, 1.675, 1]},
			"faces": {
				"north": {"uv": [6, 7, 6.5, 7.5], "texture": "#0"},
				"east": {"uv": [0, 0, 0, 0.5], "texture": "#0"},
				"south": {"uv": [7, 6, 7.5, 6.5], "texture": "#0"},
				"west": {"uv": [0, 0, 0, 0.5], "texture": "#0"},
				"up": {"uv": [0.5, 0, 0, 0], "texture": "#0"},
				"down": {"uv": [0.46875, 0, 0, 0], "texture": "#0"}
			}
		},
		{
			"from": [0.6, 2, 7],
			"to": [1.6, 3.25, 7],
			"rotation": {"angle": 22.5, "axis": "y", "origin": [0.6, 2, 7]},
			"faces": {
				"north": {"uv": [5, 7, 5.5, 7.5], "texture": "#0"},
				"east": {"uv": [0, 0, 0, 0.5], "texture": "#0"},
				"south": {"uv": [5.5, 7, 6, 7.5], "texture": "#0"},
				"west": {"uv": [0, 0, 0, 0.5], "texture": "#0"},
				"up": {"uv": [0.5, 0, 0, 0], "texture": "#0"},
				"down": {"uv": [0.46875, 0, 0, 0], "texture": "#0"}
			}
		},
		{
			"from": [0.6, 2, 11],
			"to": [1.6, 3.25, 11],
			"rotation": {"angle": 0, "axis": "y", "origin": [0.6, 2, 11]},
			"faces": {
				"north": {"uv": [4.5, 7, 5, 7.5], "texture": "#0"},
				"east": {"uv": [0, 0, 0, 0.5], "texture": "#0"},
				"south": {"uv": [7, 4.5, 7.5, 5], "texture": "#0"},
				"west": {"uv": [0, 0, 0, 0.5], "texture": "#0"},
				"up": {"uv": [0.5, 0, 0, 0], "texture": "#0"},
				"down": {"uv": [0.46875, 0, 0, 0], "texture": "#0"}
			}
		},
		{
			"from": [0.6, 2.175, 13],
			"to": [1.6, 3.425, 13],
			"rotation": {"angle": 22.5, "axis": "y", "origin": [0.6, 2.175, 13]},
			"faces": {
				"north": {"uv": [4, 7, 4.5, 7.5], "texture": "#0"},
				"east": {"uv": [0, 0, 0, 0.5], "texture": "#0"},
				"south": {"uv": [7, 4, 7.5, 4.5], "texture": "#0"},
				"west": {"uv": [0, 0, 0, 0.5], "texture": "#0"},
				"up": {"uv": [0.5, 0, 0, 0], "texture": "#0"},
				"down": {"uv": [0.46875, 0, 0, 0], "texture": "#0"}
			}
		},
		{
			"from": [1, 2, 0],
			"to": [2, 3, 14],
			"rotation": {"angle": 0, "axis": "y", "origin": [1, 2, 13]},
			"faces": {
				"north": {"uv": [3, 7, 3.5, 7.5], "texture": "#0"},
				"east": {"uv": [0, 4, 7, 4.5], "texture": "#0"},
				"south": {"uv": [3.5, 7, 4, 7.5], "texture": "#0"},
				"west": {"uv": [0, 4.5, 7, 5], "texture": "#0"},
				"up": {"uv": [0.5, 7.61538, 0, 3.17308], "texture": "#0"},
				"down": {"uv": [0.9375, 2.98077, 0.46875, 7.15385], "texture": "#0"}
			}
		},
		{
			"from": [1, 2, 14],
			"to": [17, 3, 15],
			"rotation": {"angle": 0, "axis": "y", "origin": [1, 2, 14]},
			"faces": {
				"north": {"uv": [0, 2, 8, 2.5], "texture": "#0"},
				"east": {"uv": [2, 7, 2.5, 7.5], "texture": "#0"},
				"south": {"uv": [0, 2.5, 8, 3], "texture": "#0"},
				"west": {"uv": [2.5, 7, 3, 7.5], "texture": "#0"},
				"up": {"uv": [8, 2.22115, 0, 1.90385], "texture": "#0"},
				"down": {"uv": [7.5, 2.08654, 0, 2.38462], "texture": "#0"}
			}
		},
		{
			"from": [16, 2, 14.25],
			"to": [16, 3.375, 15.6],
			"rotation": {"angle": 0, "axis": "y", "origin": [15, 2, 14.6]},
			"faces": {
				"north": {"uv": [0, 0, 0, 0.5], "texture": "#0"},
				"east": {"uv": [6.5, 6, 7, 6.5], "texture": "#0"},
				"south": {"uv": [0, 0, 0, 0.5], "texture": "#0"},
				"west": {"uv": [6.5, 6.5, 7, 7], "texture": "#0"},
				"up": {"uv": [0, 0.31731, 0, 0], "texture": "#0"},
				"down": {"uv": [0, 0, 0, 0.29808], "texture": "#0"}
			}
		},
		{
			"from": [14, 2, 14.25],
			"to": [14, 3.375, 15.6],
			"rotation": {"angle": 22.5, "axis": "y", "origin": [13, 2, 14.6]},
			"faces": {
				"north": {"uv": [0, 0, 0, 0.5], "texture": "#0"},
				"east": {"uv": [5.5, 6.5, 6, 7], "texture": "#0"},
				"south": {"uv": [0, 0, 0, 0.5], "texture": "#0"},
				"west": {"uv": [6, 6.5, 6.5, 7], "texture": "#0"},
				"up": {"uv": [0, 0.31731, 0, 0], "texture": "#0"},
				"down": {"uv": [0, 0, 0, 0.29808], "texture": "#0"}
			}
		},
		{
			"from": [9, 2.175, 14.25],
			"to": [9, 3.55, 15.6],
			"rotation": {"angle": 0, "axis": "y", "origin": [8, 2.175, 14.6]},
			"faces": {
				"north": {"uv": [0, 0, 0, 0.5], "texture": "#0"},
				"east": {"uv": [4.5, 6.5, 5, 7], "texture": "#0"},
				"south": {"uv": [0, 0, 0, 0.5], "texture": "#0"},
				"west": {"uv": [5, 6.5, 5.5, 7], "texture": "#0"},
				"up": {"uv": [0, 0.31731, 0, 0], "texture": "#0"},
				"down": {"uv": [0, 0, 0, 0.29808], "texture": "#0"}
			}
		},
		{
			"from": [5, 1.675, 14.25],
			"to": [5, 3.05, 15.6],
			"rotation": {"angle": 0, "axis": "y", "origin": [4, 1.675, 14.6]},
			"faces": {
				"north": {"uv": [0, 0, 0, 0.5], "texture": "#0"},
				"east": {"uv": [3.5, 6.5, 4, 7], "texture": "#0"},
				"south": {"uv": [0, 0, 0, 0.5], "texture": "#0"},
				"west": {"uv": [4, 6.5, 4.5, 7], "texture": "#0"},
				"up": {"uv": [0, 0.31731, 0, 0], "texture": "#0"},
				"down": {"uv": [0, 0, 0, 0.29808], "texture": "#0"}
			}
		},
		{
			"from": [3, 2, 14.25],
			"to": [3, 3.375, 15.6],
			"rotation": {"angle": 0, "axis": "y", "origin": [2, 2, 14.6]},
			"faces": {
				"north": {"uv": [0, 0, 0, 0.5], "texture": "#0"},
				"east": {"uv": [2.5, 6.5, 3, 7], "texture": "#0"},
				"south": {"uv": [0, 0, 0, 0.5], "texture": "#0"},
				"west": {"uv": [3, 6.5, 3.5, 7], "texture": "#0"},
				"up": {"uv": [0, 0.31731, 0, 0], "texture": "#0"},
				"down": {"uv": [0, 0, 0, 0.29808], "texture": "#0"}
			}
		},
		{
			"from": [3, 2.175, -1.45],
			"to": [3, 3.55, -0.1],
			"rotation": {"angle": 0, "axis": "y", "origin": [2, 2.175, -1.1]},
			"faces": {
				"north": {"uv": [0, 0, 0, 0.5], "texture": "#0"},
				"east": {"uv": [6, 6, 6.5, 6.5], "texture": "#0"},
				"south": {"uv": [0, 0, 0, 0.5], "texture": "#0"},
				"west": {"uv": [2, 6.5, 2.5, 7], "texture": "#0"},
				"up": {"uv": [0, 0.31731, 0, 0], "texture": "#0"},
				"down": {"uv": [0, 0, 0, 0.29808], "texture": "#0"}
			}
		},
		{
			"from": [14, 2.175, -1.45],
			"to": [14, 3.55, -0.1],
			"rotation": {"angle": 0, "axis": "y", "origin": [13, 2.175, -1.1]},
			"faces": {
				"north": {"uv": [0, 0, 0, 0.5], "texture": "#0"},
				"east": {"uv": [5, 6, 5.5, 6.5], "texture": "#0"},
				"south": {"uv": [0, 0, 0, 0.5], "texture": "#0"},
				"west": {"uv": [5.5, 6, 6, 6.5], "texture": "#0"},
				"up": {"uv": [0, 0.31731, 0, 0], "texture": "#0"},
				"down": {"uv": [0, 0, 0, 0.29808], "texture": "#0"}
			}
		},
		{
			"from": [10, 1.675, -1.45],
			"to": [10, 3.05, -0.1],
			"rotation": {"angle": 0, "axis": "y", "origin": [9, 1.675, -1.1]},
			"faces": {
				"north": {"uv": [0, 0, 0, 0.5], "texture": "#0"},
				"east": {"uv": [4, 6, 4.5, 6.5], "texture": "#0"},
				"south": {"uv": [0, 0, 0, 0.5], "texture": "#0"},
				"west": {"uv": [4.5, 6, 5, 6.5], "texture": "#0"},
				"up": {"uv": [0, 0.31731, 0, 0], "texture": "#0"},
				"down": {"uv": [0, 0, 0, 0.29808], "texture": "#0"}
			}
		},
		{
			"from": [7, 2, -1.45],
			"to": [7, 3.375, -0.1],
			"rotation": {"angle": 22.5, "axis": "y", "origin": [6, 2, -1.1]},
			"faces": {
				"north": {"uv": [0, 0, 0, 0.5], "texture": "#0"},
				"east": {"uv": [3, 6, 3.5, 6.5], "texture": "#0"},
				"south": {"uv": [0, 0, 0, 0.5], "texture": "#0"},
				"west": {"uv": [3.5, 6, 4, 6.5], "texture": "#0"},
				"up": {"uv": [0, 0.31731, 0, 0], "texture": "#0"},
				"down": {"uv": [0, 0, 0, 0.29808], "texture": "#0"}
			}
		},
		{
			"from": [1, 2, -1],
			"to": [17, 3, 0],
			"rotation": {"angle": 0, "axis": "y", "origin": [1, 2, -1]},
			"faces": {
				"north": {"uv": [0, 0, 8, 0.5], "texture": "#0"},
				"east": {"uv": [2, 6, 2.5, 6.5], "texture": "#0"},
				"south": {"uv": [0, 0.5, 8, 1], "texture": "#0"},
				"west": {"uv": [2.5, 6, 3, 6.5], "texture": "#0"},
				"up": {"uv": [8, 0.95192, 0, 0.63462], "texture": "#0"},
				"down": {"uv": [7.5, 0.89423, 0, 1.19231], "texture": "#0"}
			}
		},
		{
			"from": [15, 3, 3],
			"to": [16, 4, 17],
			"rotation": {"angle": 0, "axis": "y", "origin": [15, 3, 16]},
			"faces": {
				"north": {"uv": [7.5, 4, 8, 4.5], "texture": "#0"},
				"east": {"uv": [1, 5, 8, 5.5], "texture": "#0"},
				"south": {"uv": [4.5, 7.5, 5, 8], "texture": "#0"},
				"west": {"uv": [1, 5.5, 8, 6], "texture": "#0"},
				"up": {"uv": [1.5, 8.25, 1, 3.80769], "texture": "#0"},
				"down": {"uv": [1.875, 3.57692, 1.40625, 7.75], "texture": "#0"}
			}
		},
		{
			"from": [15.35, 3, 16],
			"to": [16.35, 4.25, 16],
			"rotation": {"angle": 0, "axis": "y", "origin": [15.35, 3, 16]},
			"faces": {
				"north": {"uv": [3.5, 7.5, 4, 8], "texture": "#0"},
				"east": {"uv": [0, 0, 0, 0.5], "texture": "#0"},
				"south": {"uv": [4, 7.5, 4.5, 8], "texture": "#0"},
				"west": {"uv": [0, 0, 0, 0.5], "texture": "#0"},
				"up": {"uv": [0.5, 0, 0, 0], "texture": "#0"},
				"down": {"uv": [0.46875, 0, 0, 0], "texture": "#0"}
			}
		},
		{
			"from": [15.35, 3.175, 11],
			"to": [16.35, 4.425, 11],
			"rotation": {"angle": 22.5, "axis": "y", "origin": [15.35, 3.175, 11]},
			"faces": {
				"north": {"uv": [2.5, 7.5, 3, 8], "texture": "#0"},
				"east": {"uv": [0, 0, 0, 0.5], "texture": "#0"},
				"south": {"uv": [3, 7.5, 3.5, 8], "texture": "#0"},
				"west": {"uv": [0, 0, 0, 0.5], "texture": "#0"},
				"up": {"uv": [0.5, 0, 0, 0], "texture": "#0"},
				"down": {"uv": [0.46875, 0, 0, 0], "texture": "#0"}
			}
		},
		{
			"from": [15.35, 2.675, 7],
			"to": [16.35, 3.925, 7],
			"rotation": {"angle": 0, "axis": "y", "origin": [15.35, 2.675, 7]},
			"faces": {
				"north": {"uv": [7, 7, 7.5, 7.5], "texture": "#0"},
				"east": {"uv": [0, 0, 0, 0.5], "texture": "#0"},
				"south": {"uv": [2, 7.5, 2.5, 8], "texture": "#0"},
				"west": {"uv": [0, 0, 0, 0.5], "texture": "#0"},
				"up": {"uv": [0.5, 0, 0, 0], "texture": "#0"},
				"down": {"uv": [0.46875, 0, 0, 0], "texture": "#0"}
			}
		},
		{
			"from": [15.35, 3, 4],
			"to": [16.35, 4.25, 4],
			"rotation": {"angle": 0, "axis": "y", "origin": [15.35, 3, 4]},
			"faces": {
				"north": {"uv": [6.5, 7, 7, 7.5], "texture": "#0"},
				"east": {"uv": [0, 0, 0, 0.5], "texture": "#0"},
				"south": {"uv": [7, 6.5, 7.5, 7], "texture": "#0"},
				"west": {"uv": [0, 0, 0, 0.5], "texture": "#0"},
				"up": {"uv": [0.5, 0, 0, 0], "texture": "#0"},
				"down": {"uv": [0.46875, 0, 0, 0], "texture": "#0"}
			}
		},
		{
			"from": [-0.4, 2.675, 4],
			"to": [0.6, 3.925, 4],
			"rotation": {"angle": 0, "axis": "y", "origin": [-0.4, 2.675, 4]},
			"faces": {
				"north": {"uv": [6, 7, 6.5, 7.5], "texture": "#0"},
				"east": {"uv": [0, 0, 0, 0.5], "texture": "#0"},
				"south": {"uv": [7, 6, 7.5, 6.5], "texture": "#0"},
				"west": {"uv": [0, 0, 0, 0.5], "texture": "#0"},
				"up": {"uv": [0.5, 0, 0, 0], "texture": "#0"},
				"down": {"uv": [0.46875, 0, 0, 0], "texture": "#0"}
			}
		},
		{
			"from": [-0.4, 3, 10],
			"to": [0.6, 4.25, 10],
			"rotation": {"angle": 22.5, "axis": "y", "origin": [-0.4, 3, 10]},
			"faces": {
				"north": {"uv": [5, 7, 5.5, 7.5], "texture": "#0"},
				"east": {"uv": [0, 0, 0, 0.5], "texture": "#0"},
				"south": {"uv": [5.5, 7, 6, 7.5], "texture": "#0"},
				"west": {"uv": [0, 0, 0, 0.5], "texture": "#0"},
				"up": {"uv": [0.5, 0, 0, 0], "texture": "#0"},
				"down": {"uv": [0.46875, 0, 0, 0], "texture": "#0"}
			}
		},
		{
			"from": [-0.4, 3, 14],
			"to": [0.6, 4.25, 14],
			"rotation": {"angle": 0, "axis": "y", "origin": [-0.4, 3, 14]},
			"faces": {
				"north": {"uv": [4.5, 7, 5, 7.5], "texture": "#0"},
				"east": {"uv": [0, 0, 0, 0.5], "texture": "#0"},
				"south": {"uv": [7, 4.5, 7.5, 5], "texture": "#0"},
				"west": {"uv": [0, 0, 0, 0.5], "texture": "#0"},
				"up": {"uv": [0.5, 0, 0, 0], "texture": "#0"},
				"down": {"uv": [0.46875, 0, 0, 0], "texture": "#0"}
			}
		},
		{
			"from": [-0.4, 3.175, 16],
			"to": [0.6, 4.425, 16],
			"rotation": {"angle": 22.5, "axis": "y", "origin": [-0.4, 3.175, 16]},
			"faces": {
				"north": {"uv": [4, 7, 4.5, 7.5], "texture": "#0"},
				"east": {"uv": [0, 0, 0, 0.5], "texture": "#0"},
				"south": {"uv": [7, 4, 7.5, 4.5], "texture": "#0"},
				"west": {"uv": [0, 0, 0, 0.5], "texture": "#0"},
				"up": {"uv": [0.5, 0, 0, 0], "texture": "#0"},
				"down": {"uv": [0.46875, 0, 0, 0], "texture": "#0"}
			}
		},
		{
			"from": [0, 3, 3],
			"to": [1, 4, 17],
			"rotation": {"angle": 0, "axis": "y", "origin": [0, 3, 16]},
			"faces": {
				"north": {"uv": [3, 7, 3.5, 7.5], "texture": "#0"},
				"east": {"uv": [0, 4, 7, 4.5], "texture": "#0"},
				"south": {"uv": [3.5, 7, 4, 7.5], "texture": "#0"},
				"west": {"uv": [0, 4.5, 7, 5], "texture": "#0"},
				"up": {"uv": [0.5, 7.61538, 0, 3.17308], "texture": "#0"},
				"down": {"uv": [0.9375, 2.98077, 0.46875, 7.15385], "texture": "#0"}
			}
		},
		{
			"from": [0, 3, 17],
			"to": [16, 4, 18],
			"rotation": {"angle": 0, "axis": "y", "origin": [0, 3, 17]},
			"faces": {
				"north": {"uv": [0, 2, 8, 2.5], "texture": "#0"},
				"east": {"uv": [2, 7, 2.5, 7.5], "texture": "#0"},
				"south": {"uv": [0, 2.5, 8, 3], "texture": "#0"},
				"west": {"uv": [2.5, 7, 3, 7.5], "texture": "#0"},
				"up": {"uv": [8, 2.22115, 0, 1.90385], "texture": "#0"},
				"down": {"uv": [7.5, 2.08654, 0, 2.38462], "texture": "#0"}
			}
		},
		{
			"from": [15, 3, 17.25],
			"to": [15, 4.375, 18.6],
			"rotation": {"angle": 0, "axis": "y", "origin": [14, 3, 17.6]},
			"faces": {
				"north": {"uv": [0, 0, 0, 0.5], "texture": "#0"},
				"east": {"uv": [6.5, 6, 7, 6.5], "texture": "#0"},
				"south": {"uv": [0, 0, 0, 0.5], "texture": "#0"},
				"west": {"uv": [6.5, 6.5, 7, 7], "texture": "#0"},
				"up": {"uv": [0, 0.31731, 0, 0], "texture": "#0"},
				"down": {"uv": [0, 0, 0, 0.29808], "texture": "#0"}
			}
		},
		{
			"from": [13, 3, 17.25],
			"to": [13, 4.375, 18.6],
			"rotation": {"angle": 22.5, "axis": "y", "origin": [12, 3, 17.6]},
			"faces": {
				"north": {"uv": [0, 0, 0, 0.5], "texture": "#0"},
				"east": {"uv": [5.5, 6.5, 6, 7], "texture": "#0"},
				"south": {"uv": [0, 0, 0, 0.5], "texture": "#0"},
				"west": {"uv": [6, 6.5, 6.5, 7], "texture": "#0"},
				"up": {"uv": [0, 0.31731, 0, 0], "texture": "#0"},
				"down": {"uv": [0, 0, 0, 0.29808], "texture": "#0"}
			}
		},
		{
			"from": [8, 3.175, 17.25],
			"to": [8, 4.55, 18.6],
			"rotation": {"angle": 0, "axis": "y", "origin": [7, 3.175, 17.6]},
			"faces": {
				"north": {"uv": [0, 0, 0, 0.5], "texture": "#0"},
				"east": {"uv": [4.5, 6.5, 5, 7], "texture": "#0"},
				"south": {"uv": [0, 0, 0, 0.5], "texture": "#0"},
				"west": {"uv": [5, 6.5, 5.5, 7], "texture": "#0"},
				"up": {"uv": [0, 0.31731, 0, 0], "texture": "#0"},
				"down": {"uv": [0, 0, 0, 0.29808], "texture": "#0"}
			}
		},
		{
			"from": [4, 2.675, 17.25],
			"to": [4, 4.05, 18.6],
			"rotation": {"angle": 0, "axis": "y", "origin": [3, 2.675, 17.6]},
			"faces": {
				"north": {"uv": [0, 0, 0, 0.5], "texture": "#0"},
				"east": {"uv": [3.5, 6.5, 4, 7], "texture": "#0"},
				"south": {"uv": [0, 0, 0, 0.5], "texture": "#0"},
				"west": {"uv": [4, 6.5, 4.5, 7], "texture": "#0"},
				"up": {"uv": [0, 0.31731, 0, 0], "texture": "#0"},
				"down": {"uv": [0, 0, 0, 0.29808], "texture": "#0"}
			}
		},
		{
			"from": [2, 3, 17.25],
			"to": [2, 4.375, 18.6],
			"rotation": {"angle": 0, "axis": "y", "origin": [1, 3, 17.6]},
			"faces": {
				"north": {"uv": [0, 0, 0, 0.5], "texture": "#0"},
				"east": {"uv": [2.5, 6.5, 3, 7], "texture": "#0"},
				"south": {"uv": [0, 0, 0, 0.5], "texture": "#0"},
				"west": {"uv": [3, 6.5, 3.5, 7], "texture": "#0"},
				"up": {"uv": [0, 0.31731, 0, 0], "texture": "#0"},
				"down": {"uv": [0, 0, 0, 0.29808], "texture": "#0"}
			}
		},
		{
			"from": [2, 3.175, 1.55],
			"to": [2, 4.55, 2.9],
			"rotation": {"angle": 0, "axis": "y", "origin": [1, 3.175, 1.9]},
			"faces": {
				"north": {"uv": [0, 0, 0, 0.5], "texture": "#0"},
				"east": {"uv": [6, 6, 6.5, 6.5], "texture": "#0"},
				"south": {"uv": [0, 0, 0, 0.5], "texture": "#0"},
				"west": {"uv": [2, 6.5, 2.5, 7], "texture": "#0"},
				"up": {"uv": [0, 0.31731, 0, 0], "texture": "#0"},
				"down": {"uv": [0, 0, 0, 0.29808], "texture": "#0"}
			}
		},
		{
			"from": [13, 3.175, 1.55],
			"to": [13, 4.55, 2.9],
			"rotation": {"angle": 0, "axis": "y", "origin": [12, 3.175, 1.9]},
			"faces": {
				"north": {"uv": [0, 0, 0, 0.5], "texture": "#0"},
				"east": {"uv": [5, 6, 5.5, 6.5], "texture": "#0"},
				"south": {"uv": [0, 0, 0, 0.5], "texture": "#0"},
				"west": {"uv": [5.5, 6, 6, 6.5], "texture": "#0"},
				"up": {"uv": [0, 0.31731, 0, 0], "texture": "#0"},
				"down": {"uv": [0, 0, 0, 0.29808], "texture": "#0"}
			}
		},
		{
			"from": [9, 2.675, 1.55],
			"to": [9, 4.05, 2.9],
			"rotation": {"angle": 0, "axis": "y", "origin": [8, 2.675, 1.9]},
			"faces": {
				"north": {"uv": [0, 0, 0, 0.5], "texture": "#0"},
				"east": {"uv": [4, 6, 4.5, 6.5], "texture": "#0"},
				"south": {"uv": [0, 0, 0, 0.5], "texture": "#0"},
				"west": {"uv": [4.5, 6, 5, 6.5], "texture": "#0"},
				"up": {"uv": [0, 0.31731, 0, 0], "texture": "#0"},
				"down": {"uv": [0, 0, 0, 0.29808], "texture": "#0"}
			}
		},
		{
			"from": [6, 3, 1.55],
			"to": [6, 4.375, 2.9],
			"rotation": {"angle": 22.5, "axis": "y", "origin": [5, 3, 1.9]},
			"faces": {
				"north": {"uv": [0, 0, 0, 0.5], "texture": "#0"},
				"east": {"uv": [3, 6, 3.5, 6.5], "texture": "#0"},
				"south": {"uv": [0, 0, 0, 0.5], "texture": "#0"},
				"west": {"uv": [3.5, 6, 4, 6.5], "texture": "#0"},
				"up": {"uv": [0, 0.31731, 0, 0], "texture": "#0"},
				"down": {"uv": [0, 0, 0, 0.29808], "texture": "#0"}
			}
		},
		{
			"from": [0, 3, 2],
			"to": [16, 4, 3],
			"rotation": {"angle": 0, "axis": "y", "origin": [0, 3, 2]},
			"faces": {
				"north": {"uv": [0, 0, 8, 0.5], "texture": "#0"},
				"east": {"uv": [2, 6, 2.5, 6.5], "texture": "#0"},
				"south": {"uv": [0, 0.5, 8, 1], "texture": "#0"},
				"west": {"uv": [2.5, 6, 3, 6.5], "texture": "#0"},
				"up": {"uv": [8, 0.95192, 0, 0.63462], "texture": "#0"},
				"down": {"uv": [7.5, 0.89423, 0, 1.19231], "texture": "#0"}
			}
		},
		{
			"from": [14, 4, 2],
			"to": [15, 5, 16],
			"rotation": {"angle": 0, "axis": "y", "origin": [14, 4, 15]},
			"faces": {
				"north": {"uv": [7.5, 4, 8, 4.5], "texture": "#0"},
				"east": {"uv": [1, 5, 8, 5.5], "texture": "#0"},
				"south": {"uv": [4.5, 7.5, 5, 8], "texture": "#0"},
				"west": {"uv": [1, 5.5, 8, 6], "texture": "#0"},
				"up": {"uv": [1.5, 8.25, 1, 3.80769], "texture": "#0"},
				"down": {"uv": [1.875, 3.57692, 1.40625, 7.75], "texture": "#0"}
			}
		},
		{
			"from": [14.35, 4, 15],
			"to": [15.35, 5.25, 15],
			"rotation": {"angle": 0, "axis": "y", "origin": [14.35, 4, 15]},
			"faces": {
				"north": {"uv": [3.5, 7.5, 4, 8], "texture": "#0"},
				"east": {"uv": [0, 0, 0, 0.5], "texture": "#0"},
				"south": {"uv": [4, 7.5, 4.5, 8], "texture": "#0"},
				"west": {"uv": [0, 0, 0, 0.5], "texture": "#0"},
				"up": {"uv": [0.5, 0, 0, 0], "texture": "#0"},
				"down": {"uv": [0.46875, 0, 0, 0], "texture": "#0"}
			}
		},
		{
			"from": [14.35, 4.175, 10],
			"to": [15.35, 5.425, 10],
			"rotation": {"angle": 22.5, "axis": "y", "origin": [14.35, 4.175, 10]},
			"faces": {
				"north": {"uv": [2.5, 7.5, 3, 8], "texture": "#0"},
				"east": {"uv": [0, 0, 0, 0.5], "texture": "#0"},
				"south": {"uv": [3, 7.5, 3.5, 8], "texture": "#0"},
				"west": {"uv": [0, 0, 0, 0.5], "texture": "#0"},
				"up": {"uv": [0.5, 0, 0, 0], "texture": "#0"},
				"down": {"uv": [0.46875, 0, 0, 0], "texture": "#0"}
			}
		},
		{
			"from": [14.35, 3.675, 6],
			"to": [15.35, 4.925, 6],
			"rotation": {"angle": 0, "axis": "y", "origin": [14.35, 3.675, 6]},
			"faces": {
				"north": {"uv": [7, 7, 7.5, 7.5], "texture": "#0"},
				"east": {"uv": [0, 0, 0, 0.5], "texture": "#0"},
				"south": {"uv": [2, 7.5, 2.5, 8], "texture": "#0"},
				"west": {"uv": [0, 0, 0, 0.5], "texture": "#0"},
				"up": {"uv": [0.5, 0, 0, 0], "texture": "#0"},
				"down": {"uv": [0.46875, 0, 0, 0], "texture": "#0"}
			}
		},
		{
			"from": [14.35, 4, 3],
			"to": [15.35, 5.25, 3],
			"rotation": {"angle": 0, "axis": "y", "origin": [14.35, 4, 3]},
			"faces": {
				"north": {"uv": [6.5, 7, 7, 7.5], "texture": "#0"},
				"east": {"uv": [0, 0, 0, 0.5], "texture": "#0"},
				"south": {"uv": [7, 6.5, 7.5, 7], "texture": "#0"},
				"west": {"uv": [0, 0, 0, 0.5], "texture": "#0"},
				"up": {"uv": [0.5, 0, 0, 0], "texture": "#0"},
				"down": {"uv": [0.46875, 0, 0, 0], "texture": "#0"}
			}
		},
		{
			"from": [-1.4, 3.675, 3],
			"to": [-0.4, 4.925, 3],
			"rotation": {"angle": 0, "axis": "y", "origin": [-1.4, 3.675, 3]},
			"faces": {
				"north": {"uv": [6, 7, 6.5, 7.5], "texture": "#0"},
				"east": {"uv": [0, 0, 0, 0.5], "texture": "#0"},
				"south": {"uv": [7, 6, 7.5, 6.5], "texture": "#0"},
				"west": {"uv": [0, 0, 0, 0.5], "texture": "#0"},
				"up": {"uv": [0.5, 0, 0, 0], "texture": "#0"},
				"down": {"uv": [0.46875, 0, 0, 0], "texture": "#0"}
			}
		},
		{
			"from": [-1.4, 4, 9],
			"to": [-0.4, 5.25, 9],
			"rotation": {"angle": 22.5, "axis": "y", "origin": [-1.4, 4, 9]},
			"faces": {
				"north": {"uv": [5, 7, 5.5, 7.5], "texture": "#0"},
				"east": {"uv": [0, 0, 0, 0.5], "texture": "#0"},
				"south": {"uv": [5.5, 7, 6, 7.5], "texture": "#0"},
				"west": {"uv": [0, 0, 0, 0.5], "texture": "#0"},
				"up": {"uv": [0.5, 0, 0, 0], "texture": "#0"},
				"down": {"uv": [0.46875, 0, 0, 0], "texture": "#0"}
			}
		},
		{
			"from": [-1.4, 4, 13],
			"to": [-0.4, 5.25, 13],
			"rotation": {"angle": 0, "axis": "y", "origin": [-1.4, 4, 13]},
			"faces": {
				"north": {"uv": [4.5, 7, 5, 7.5], "texture": "#0"},
				"east": {"uv": [0, 0, 0, 0.5], "texture": "#0"},
				"south": {"uv": [7, 4.5, 7.5, 5], "texture": "#0"},
				"west": {"uv": [0, 0, 0, 0.5], "texture": "#0"},
				"up": {"uv": [0.5, 0, 0, 0], "texture": "#0"},
				"down": {"uv": [0.46875, 0, 0, 0], "texture": "#0"}
			}
		},
		{
			"from": [-1.4, 4.175, 15],
			"to": [-0.4, 5.425, 15],
			"rotation": {"angle": 22.5, "axis": "y", "origin": [-1.4, 4.175, 15]},
			"faces": {
				"north": {"uv": [4, 7, 4.5, 7.5], "texture": "#0"},
				"east": {"uv": [0, 0, 0, 0.5], "texture": "#0"},
				"south": {"uv": [7, 4, 7.5, 4.5], "texture": "#0"},
				"west": {"uv": [0, 0, 0, 0.5], "texture": "#0"},
				"up": {"uv": [0.5, 0, 0, 0], "texture": "#0"},
				"down": {"uv": [0.46875, 0, 0, 0], "texture": "#0"}
			}
		},
		{
			"from": [-1, 4, 2],
			"to": [0, 5, 16],
			"rotation": {"angle": 0, "axis": "y", "origin": [-1, 4, 15]},
			"faces": {
				"north": {"uv": [3, 7, 3.5, 7.5], "texture": "#0"},
				"east": {"uv": [0, 4, 7, 4.5], "texture": "#0"},
				"south": {"uv": [3.5, 7, 4, 7.5], "texture": "#0"},
				"west": {"uv": [0, 4.5, 7, 5], "texture": "#0"},
				"up": {"uv": [0.5, 7.61538, 0, 3.17308], "texture": "#0"},
				"down": {"uv": [0.9375, 2.98077, 0.46875, 7.15385], "texture": "#0"}
			}
		},
		{
			"from": [-1, 4, 16],
			"to": [15, 5, 17],
			"rotation": {"angle": 0, "axis": "y", "origin": [-1, 4, 16]},
			"faces": {
				"north": {"uv": [0, 2, 8, 2.5], "texture": "#0"},
				"east": {"uv": [2, 7, 2.5, 7.5], "texture": "#0"},
				"south": {"uv": [0, 2.5, 8, 3], "texture": "#0"},
				"west": {"uv": [2.5, 7, 3, 7.5], "texture": "#0"},
				"up": {"uv": [8, 2.22115, 0, 1.90385], "texture": "#0"},
				"down": {"uv": [7.5, 2.08654, 0, 2.38462], "texture": "#0"}
			}
		},
		{
			"from": [14, 4, 16.25],
			"to": [14, 5.375, 17.6],
			"rotation": {"angle": 0, "axis": "y", "origin": [13, 4, 16.6]},
			"faces": {
				"north": {"uv": [0, 0, 0, 0.5], "texture": "#0"},
				"east": {"uv": [6.5, 6, 7, 6.5], "texture": "#0"},
				"south": {"uv": [0, 0, 0, 0.5], "texture": "#0"},
				"west": {"uv": [6.5, 6.5, 7, 7], "texture": "#0"},
				"up": {"uv": [0, 0.31731, 0, 0], "texture": "#0"},
				"down": {"uv": [0, 0, 0, 0.29808], "texture": "#0"}
			}
		},
		{
			"from": [12, 4, 16.25],
			"to": [12, 5.375, 17.6],
			"rotation": {"angle": 22.5, "axis": "y", "origin": [11, 4, 16.6]},
			"faces": {
				"north": {"uv": [0, 0, 0, 0.5], "texture": "#0"},
				"east": {"uv": [5.5, 6.5, 6, 7], "texture": "#0"},
				"south": {"uv": [0, 0, 0, 0.5], "texture": "#0"},
				"west": {"uv": [6, 6.5, 6.5, 7], "texture": "#0"},
				"up": {"uv": [0, 0.31731, 0, 0], "texture": "#0"},
				"down": {"uv": [0, 0, 0, 0.29808], "texture": "#0"}
			}
		},
		{
			"from": [7, 4.175, 16.25],
			"to": [7, 5.55, 17.6],
			"rotation": {"angle": 0, "axis": "y", "origin": [6, 4.175, 16.6]},
			"faces": {
				"north": {"uv": [0, 0, 0, 0.5], "texture": "#0"},
				"east": {"uv": [4.5, 6.5, 5, 7], "texture": "#0"},
				"south": {"uv": [0, 0, 0, 0.5], "texture": "#0"},
				"west": {"uv": [5, 6.5, 5.5, 7], "texture": "#0"},
				"up": {"uv": [0, 0.31731, 0, 0], "texture": "#0"},
				"down": {"uv": [0, 0, 0, 0.29808], "texture": "#0"}
			}
		},
		{
			"from": [3, 3.675, 16.25],
			"to": [3, 5.05, 17.6],
			"rotation": {"angle": 0, "axis": "y", "origin": [2, 3.675, 16.6]},
			"faces": {
				"north": {"uv": [0, 0, 0, 0.5], "texture": "#0"},
				"east": {"uv": [3.5, 6.5, 4, 7], "texture": "#0"},
				"south": {"uv": [0, 0, 0, 0.5], "texture": "#0"},
				"west": {"uv": [4, 6.5, 4.5, 7], "texture": "#0"},
				"up": {"uv": [0, 0.31731, 0, 0], "texture": "#0"},
				"down": {"uv": [0, 0, 0, 0.29808], "texture": "#0"}
			}
		},
		{
			"from": [1, 4, 16.25],
			"to": [1, 5.375, 17.6],
			"rotation": {"angle": 0, "axis": "y", "origin": [0, 4, 16.6]},
			"faces": {
				"north": {"uv": [0, 0, 0, 0.5], "texture": "#0"},
				"east": {"uv": [2.5, 6.5, 3, 7], "texture": "#0"},
				"south": {"uv": [0, 0, 0, 0.5], "texture": "#0"},
				"west": {"uv": [3, 6.5, 3.5, 7], "texture": "#0"},
				"up": {"uv": [0, 0.31731, 0, 0], "texture": "#0"},
				"down": {"uv": [0, 0, 0, 0.29808], "texture": "#0"}
			}
		},
		{
			"from": [1, 4.175, 0.55],
			"to": [1, 5.55, 1.9],
			"rotation": {"angle": 0, "axis": "y", "origin": [0, 4.175, 0.9]},
			"faces": {
				"north": {"uv": [0, 0, 0, 0.5], "texture": "#0"},
				"east": {"uv": [6, 6, 6.5, 6.5], "texture": "#0"},
				"south": {"uv": [0, 0, 0, 0.5], "texture": "#0"},
				"west": {"uv": [2, 6.5, 2.5, 7], "texture": "#0"},
				"up": {"uv": [0, 0.31731, 0, 0], "texture": "#0"},
				"down": {"uv": [0, 0, 0, 0.29808], "texture": "#0"}
			}
		},
		{
			"from": [12, 4.175, 0.55],
			"to": [12, 5.55, 1.9],
			"rotation": {"angle": 0, "axis": "y", "origin": [11, 4.175, 0.9]},
			"faces": {
				"north": {"uv": [0, 0, 0, 0.5], "texture": "#0"},
				"east": {"uv": [5, 6, 5.5, 6.5], "texture": "#0"},
				"south": {"uv": [0, 0, 0, 0.5], "texture": "#0"},
				"west": {"uv": [5.5, 6, 6, 6.5], "texture": "#0"},
				"up": {"uv": [0, 0.31731, 0, 0], "texture": "#0"},
				"down": {"uv": [0, 0, 0, 0.29808], "texture": "#0"}
			}
		},
		{
			"from": [8, 3.675, 0.55],
			"to": [8, 5.05, 1.9],
			"rotation": {"angle": 0, "axis": "y", "origin": [7, 3.675, 0.9]},
			"faces": {
				"north": {"uv": [0, 0, 0, 0.5], "texture": "#0"},
				"east": {"uv": [4, 6, 4.5, 6.5], "texture": "#0"},
				"south": {"uv": [0, 0, 0, 0.5], "texture": "#0"},
				"west": {"uv": [4.5, 6, 5, 6.5], "texture": "#0"},
				"up": {"uv": [0, 0.31731, 0, 0], "texture": "#0"},
				"down": {"uv": [0, 0, 0, 0.29808], "texture": "#0"}
			}
		},
		{
			"from": [5, 4, 0.55],
			"to": [5, 5.375, 1.9],
			"rotation": {"angle": 22.5, "axis": "y", "origin": [4, 4, 0.9]},
			"faces": {
				"north": {"uv": [0, 0, 0, 0.5], "texture": "#0"},
				"east": {"uv": [3, 6, 3.5, 6.5], "texture": "#0"},
				"south": {"uv": [0, 0, 0, 0.5], "texture": "#0"},
				"west": {"uv": [3.5, 6, 4, 6.5], "texture": "#0"},
				"up": {"uv": [0, 0.31731, 0, 0], "texture": "#0"},
				"down": {"uv": [0, 0, 0, 0.29808], "texture": "#0"}
			}
		},
		{
			"from": [-1, 4, 1],
			"to": [15, 5, 2],
			"rotation": {"angle": 0, "axis": "y", "origin": [-1, 4, 1]},
			"faces": {
				"north": {"uv": [0, 0, 8, 0.5], "texture": "#0"},
				"east": {"uv": [2, 6, 2.5, 6.5], "texture": "#0"},
				"south": {"uv": [0, 0.5, 8, 1], "texture": "#0"},
				"west": {"uv": [2.5, 6, 3, 6.5], "texture": "#0"},
				"up": {"uv": [8, 0.95192, 0, 0.63462], "texture": "#0"},
				"down": {"uv": [7.5, 0.89423, 0, 1.19231], "texture": "#0"}
			}
		},
		{
			"from": [6, 0, -0.45],
			"to": [6, 1.375, 0.9],
			"rotation": {"angle": 22.5, "axis": "y", "origin": [5, 0, -0.1]},
			"faces": {
				"north": {"uv": [0, 0, 0, 0.5], "texture": "#0"},
				"east": {"uv": [3, 6, 3.5, 6.5], "texture": "#0"},
				"south": {"uv": [0, 0, 0, 0.5], "texture": "#0"},
				"west": {"uv": [3.5, 6, 4, 6.5], "texture": "#0"},
				"up": {"uv": [0, 0.31731, 0, 0], "texture": "#0"},
				"down": {"uv": [0, 0, 0, 0.29808], "texture": "#0"}
			}
		},
		{
			"from": [9, -0.325, -0.45],
			"to": [9, 1.05, 0.9],
			"rotation": {"angle": 0, "axis": "y", "origin": [8, -0.325, -0.1]},
			"faces": {
				"north": {"uv": [0, 0, 0, 0.5], "texture": "#0"},
				"east": {"uv": [4, 6, 4.5, 6.5], "texture": "#0"},
				"south": {"uv": [0, 0, 0, 0.5], "texture": "#0"},
				"west": {"uv": [4.5, 6, 5, 6.5], "texture": "#0"},
				"up": {"uv": [0, 0.31731, 0, 0], "texture": "#0"},
				"down": {"uv": [0, 0, 0, 0.29808], "texture": "#0"}
			}
		},
		{
			"from": [13, 0.175, -0.45],
			"to": [13, 1.55, 0.9],
			"rotation": {"angle": 0, "axis": "y", "origin": [12, 0.175, -0.1]},
			"faces": {
				"north": {"uv": [0, 0, 0, 0.5], "texture": "#0"},
				"east": {"uv": [5, 6, 5.5, 6.5], "texture": "#0"},
				"south": {"uv": [0, 0, 0, 0.5], "texture": "#0"},
				"west": {"uv": [5.5, 6, 6, 6.5], "texture": "#0"},
				"up": {"uv": [0, 0.31731, 0, 0], "texture": "#0"},
				"down": {"uv": [0, 0, 0, 0.29808], "texture": "#0"}
			}
		},
		{
			"from": [2, 0.175, -0.45],
			"to": [2, 1.55, 0.9],
			"rotation": {"angle": 0, "axis": "y", "origin": [1, 0.175, -0.1]},
			"faces": {
				"north": {"uv": [0, 0, 0, 0.5], "texture": "#0"},
				"east": {"uv": [6, 6, 6.5, 6.5], "texture": "#0"},
				"south": {"uv": [0, 0, 0, 0.5], "texture": "#0"},
				"west": {"uv": [2, 6.5, 2.5, 7], "texture": "#0"},
				"up": {"uv": [0, 0.31731, 0, 0], "texture": "#0"},
				"down": {"uv": [0, 0, 0, 0.29808], "texture": "#0"}
			}
		},
		{
			"from": [2, 0, 15.25],
			"to": [2, 1.375, 16.6],
			"rotation": {"angle": 0, "axis": "y", "origin": [1, 0, 15.6]},
			"faces": {
				"north": {"uv": [0, 0, 0, 0.5], "texture": "#0"},
				"east": {"uv": [2.5, 6.5, 3, 7], "texture": "#0"},
				"south": {"uv": [0, 0, 0, 0.5], "texture": "#0"},
				"west": {"uv": [3, 6.5, 3.5, 7], "texture": "#0"},
				"up": {"uv": [0, 0.31731, 0, 0], "texture": "#0"},
				"down": {"uv": [0, 0, 0, 0.29808], "texture": "#0"}
			}
		},
		{
			"from": [4, -0.325, 15.25],
			"to": [4, 1.05, 16.6],
			"rotation": {"angle": 0, "axis": "y", "origin": [3, -0.325, 15.6]},
			"faces": {
				"north": {"uv": [0, 0, 0, 0.5], "texture": "#0"},
				"east": {"uv": [3.5, 6.5, 4, 7], "texture": "#0"},
				"south": {"uv": [0, 0, 0, 0.5], "texture": "#0"},
				"west": {"uv": [4, 6.5, 4.5, 7], "texture": "#0"},
				"up": {"uv": [0, 0.31731, 0, 0], "texture": "#0"},
				"down": {"uv": [0, 0, 0, 0.29808], "texture": "#0"}
			}
		},
		{
			"from": [8, 0.175, 15.25],
			"to": [8, 1.55, 16.6],
			"rotation": {"angle": 0, "axis": "y", "origin": [7, 0.175, 15.6]},
			"faces": {
				"north": {"uv": [0, 0, 0, 0.5], "texture": "#0"},
				"east": {"uv": [4.5, 6.5, 5, 7], "texture": "#0"},
				"south": {"uv": [0, 0, 0, 0.5], "texture": "#0"},
				"west": {"uv": [5, 6.5, 5.5, 7], "texture": "#0"},
				"up": {"uv": [0, 0.31731, 0, 0], "texture": "#0"},
				"down": {"uv": [0, 0, 0, 0.29808], "texture": "#0"}
			}
		},
		{
			"from": [13, 0, 15.25],
			"to": [13, 1.375, 16.6],
			"rotation": {"angle": 22.5, "axis": "y", "origin": [12, 0, 15.6]},
			"faces": {
				"north": {"uv": [0, 0, 0, 0.5], "texture": "#0"},
				"east": {"uv": [5.5, 6.5, 6, 7], "texture": "#0"},
				"south": {"uv": [0, 0, 0, 0.5], "texture": "#0"},
				"west": {"uv": [6, 6.5, 6.5, 7], "texture": "#0"},
				"up": {"uv": [0, 0.31731, 0, 0], "texture": "#0"},
				"down": {"uv": [0, 0, 0, 0.29808], "texture": "#0"}
			}
		},
		{
			"from": [15, 0, 15.25],
			"to": [15, 1.375, 16.6],
			"rotation": {"angle": 0, "axis": "y", "origin": [14, 0, 15.6]},
			"faces": {
				"north": {"uv": [0, 0, 0, 0.5], "texture": "#0"},
				"east": {"uv": [6.5, 6, 7, 6.5], "texture": "#0"},
				"south": {"uv": [0, 0, 0, 0.5], "texture": "#0"},
				"west": {"uv": [6.5, 6.5, 7, 7], "texture": "#0"},
				"up": {"uv": [0, 0.31731, 0, 0], "texture": "#0"},
				"down": {"uv": [0, 0, 0, 0.29808], "texture": "#0"}
			}
		},
		{
			"from": [0, 0, 15],
			"to": [16, 1, 16],
			"rotation": {"angle": 0, "axis": "y", "origin": [0, 0, 15]},
			"faces": {
				"north": {"uv": [0, 2, 8, 2.5], "texture": "#0"},
				"east": {"uv": [2, 7, 2.5, 7.5], "texture": "#0"},
				"south": {"uv": [0, 2.5, 8, 3], "texture": "#0"},
				"west": {"uv": [2.5, 7, 3, 7.5], "texture": "#0"},
				"up": {"uv": [8, 2.22115, 0, 1.90385], "texture": "#0"},
				"down": {"uv": [7.5, 2.08654, 0, 2.38462], "texture": "#0"}
			}
		},
		{
			"from": [0, 0, 1],
			"to": [1, 1, 15],
			"rotation": {"angle": 0, "axis": "y", "origin": [0, 0, 14]},
			"faces": {
				"north": {"uv": [3, 7, 3.5, 7.5], "texture": "#0"},
				"east": {"uv": [0, 4, 7, 4.5], "texture": "#0"},
				"south": {"uv": [3.5, 7, 4, 7.5], "texture": "#0"},
				"west": {"uv": [0, 4.5, 7, 5], "texture": "#0"},
				"up": {"uv": [0.5, 7.61538, 0, 3.17308], "texture": "#0"},
				"down": {"uv": [0.9375, 2.98077, 0.46875, 7.15385], "texture": "#0"}
			}
		},
		{
			"from": [-0.4, 0.175, 14],
			"to": [0.6, 1.425, 14],
			"rotation": {"angle": 22.5, "axis": "y", "origin": [-0.4, 0.175, 14]},
			"faces": {
				"north": {"uv": [4, 7, 4.5, 7.5], "texture": "#0"},
				"east": {"uv": [0, 0, 0, 0.5], "texture": "#0"},
				"south": {"uv": [7, 4, 7.5, 4.5], "texture": "#0"},
				"west": {"uv": [0, 0, 0, 0.5], "texture": "#0"},
				"up": {"uv": [0.5, 0, 0, 0], "texture": "#0"},
				"down": {"uv": [0.46875, 0, 0, 0], "texture": "#0"}
			}
		},
		{
			"from": [-0.4, 0, 12],
			"to": [0.6, 1.25, 12],
			"rotation": {"angle": 0, "axis": "y", "origin": [-0.4, 0, 12]},
			"faces": {
				"north": {"uv": [4.5, 7, 5, 7.5], "texture": "#0"},
				"east": {"uv": [0, 0, 0, 0.5], "texture": "#0"},
				"south": {"uv": [7, 4.5, 7.5, 5], "texture": "#0"},
				"west": {"uv": [0, 0, 0, 0.5], "texture": "#0"},
				"up": {"uv": [0.5, 0, 0, 0], "texture": "#0"},
				"down": {"uv": [0.46875, 0, 0, 0], "texture": "#0"}
			}
		},
		{
			"from": [-0.4, 0, 8],
			"to": [0.6, 1.25, 8],
			"rotation": {"angle": 22.5, "axis": "y", "origin": [-0.4, 0, 8]},
			"faces": {
				"north": {"uv": [5, 7, 5.5, 7.5], "texture": "#0"},
				"east": {"uv": [0, 0, 0, 0.5], "texture": "#0"},
				"south": {"uv": [5.5, 7, 6, 7.5], "texture": "#0"},
				"west": {"uv": [0, 0, 0, 0.5], "texture": "#0"},
				"up": {"uv": [0.5, 0, 0, 0], "texture": "#0"},
				"down": {"uv": [0.46875, 0, 0, 0], "texture": "#0"}
			}
		},
		{
			"from": [-0.4, -0.325, 2],
			"to": [0.6, 0.925, 2],
			"rotation": {"angle": 0, "axis": "y", "origin": [-0.4, -0.325, 2]},
			"faces": {
				"north": {"uv": [6, 7, 6.5, 7.5], "texture": "#0"},
				"east": {"uv": [0, 0, 0, 0.5], "texture": "#0"},
				"south": {"uv": [7, 6, 7.5, 6.5], "texture": "#0"},
				"west": {"uv": [0, 0, 0, 0.5], "texture": "#0"},
				"up": {"uv": [0.5, 0, 0, 0], "texture": "#0"},
				"down": {"uv": [0.46875, 0, 0, 0], "texture": "#0"}
			}
		},
		{
			"from": [15.35, 0, 2],
			"to": [16.35, 1.25, 2],
			"rotation": {"angle": 0, "axis": "y", "origin": [15.35, 0, 2]},
			"faces": {
				"north": {"uv": [6.5, 7, 7, 7.5], "texture": "#0"},
				"east": {"uv": [0, 0, 0, 0.5], "texture": "#0"},
				"south": {"uv": [7, 6.5, 7.5, 7], "texture": "#0"},
				"west": {"uv": [0, 0, 0, 0.5], "texture": "#0"},
				"up": {"uv": [0.5, 0, 0, 0], "texture": "#0"},
				"down": {"uv": [0.46875, 0, 0, 0], "texture": "#0"}
			}
		},
		{
			"from": [15.35, -0.325, 5],
			"to": [16.35, 0.925, 5],
			"rotation": {"angle": 0, "axis": "y", "origin": [15.35, -0.325, 5]},
			"faces": {
				"north": {"uv": [7, 7, 7.5, 7.5], "texture": "#0"},
				"east": {"uv": [0, 0, 0, 0.5], "texture": "#0"},
				"south": {"uv": [2, 7.5, 2.5, 8], "texture": "#0"},
				"west": {"uv": [0, 0, 0, 0.5], "texture": "#0"},
				"up": {"uv": [0.5, 0, 0, 0], "texture": "#0"},
				"down": {"uv": [0.46875, 0, 0, 0], "texture": "#0"}
			}
		},
		{
			"from": [15.35, 0.175, 9],
			"to": [16.35, 1.425, 9],
			"rotation": {"angle": 22.5, "axis": "y", "origin": [15.35, 0.175, 9]},
			"faces": {
				"north": {"uv": [2.5, 7.5, 3, 8], "texture": "#0"},
				"east": {"uv": [0, 0, 0, 0.5], "texture": "#0"},
				"south": {"uv": [3, 7.5, 3.5, 8], "texture": "#0"},
				"west": {"uv": [0, 0, 0, 0.5], "texture": "#0"},
				"up": {"uv": [0.5, 0, 0, 0], "texture": "#0"},
				"down": {"uv": [0.46875, 0, 0, 0], "texture": "#0"}
			}
		},
		{
			"from": [15.35, 0, 14],
			"to": [16.35, 1.25, 14],
			"rotation": {"angle": 0, "axis": "y", "origin": [15.35, 0, 14]},
			"faces": {
				"north": {"uv": [3.5, 7.5, 4, 8], "texture": "#0"},
				"east": {"uv": [0, 0, 0, 0.5], "texture": "#0"},
				"south": {"uv": [4, 7.5, 4.5, 8], "texture": "#0"},
				"west": {"uv": [0, 0, 0, 0.5], "texture": "#0"},
				"up": {"uv": [0.5, 0, 0, 0], "texture": "#0"},
				"down": {"uv": [0.46875, 0, 0, 0], "texture": "#0"}
			}
		},
		{
			"from": [15, 0, 1],
			"to": [16, 1, 15],
			"rotation": {"angle": 0, "axis": "y", "origin": [15, 0, 14]},
			"faces": {
				"north": {"uv": [7.5, 4, 8, 4.5], "texture": "#0"},
				"east": {"uv": [1, 5, 8, 5.5], "texture": "#0"},
				"south": {"uv": [4.5, 7.5, 5, 8], "texture": "#0"},
				"west": {"uv": [1, 5.5, 8, 6], "texture": "#0"},
				"up": {"uv": [1.5, 8.25, 1, 3.80769], "texture": "#0"},
				"down": {"uv": [1.875, 3.57692, 1.40625, 7.75], "texture": "#0"}
			}
		}
	],
	"display": {
		"thirdperson_righthand": {
			"rotation": [4, -2, 90],
			"translation": [-2.5, 0, -1.5],
			"scale": [0.5, 0.5, 0.5]
		},
		"thirdperson_lefthand": {
			"scale": [0, 0, 0]
		},
		"firstperson_righthand": {
			"rotation": [-5, 38, 11],
			"translation": [1, 4.5, 0],
			"scale": [0.6, 0.6, 0.6]
		},
		"ground": {
			"translation": [0, 4, 0],
			"scale": [0.6, 0.6, 0.6]
		},
		"gui": {
			"rotation": [28, -19, 13],
			"translation": [-0.25, 2.75, 0],
			"scale": [0.8, 0.8, 0.8]
		},
		"head": {
			"translation": [0, 1.25, 0]
		}
	}
}