{
	"credit": "Made with Blockbench",
	"texture_size": [32, 32],
	"textures": {
		"0": "block/energy",
		"particle": "block/energy"
	},
	"elements": [
		{
			"from": [6, 0, 6],
			"to": [9, 8.5, 7],
			"rotation": {"angle": 0, "axis": "y", "origin": [7, 0, 5]},
			"faces": {
				"north": {"uv": [0, 4.5, 1.5, 9], "texture": "#0"},
				"east": {"uv": [7.5, 3, 8, 7.5], "texture": "#0"},
				"south": {"uv": [1.5, 4.5, 3, 9], "texture": "#0"},
				"west": {"uv": [7.5, 7.5, 8, 12], "texture": "#0"},
				"up": {"uv": [7.5, 9.5, 6, 9], "texture": "#0"},
				"down": {"uv": [10.5, 8, 9, 8.5], "texture": "#0"}
			}
		},
		{
			"from": [9.875, 8.5, 5.9],
			"to": [11.3, 8.815, 6.15],
			"rotation": {"angle": -45, "axis": "y", "origin": [9.3, 1, 4.9]},
			"faces": {
				"north": {"uv": [10, 3, 10.5, 3.5], "texture": "#0"},
				"east": {"uv": [10, 3.5, 10.5, 4], "texture": "#0"},
				"south": {"uv": [10, 4, 10.5, 4.5], "texture": "#0"},
				"west": {"uv": [10, 4.5, 10.5, 5], "texture": "#0"},
				"up": {"uv": [10.5, 5.5, 10, 5], "texture": "#0"},
				"down": {"uv": [10.5, 5.5, 10, 6], "texture": "#0"}
			}
		},
		{
			"from": [6.575, 8.5, 9.925],
			"to": [8, 8.815, 10.175],
			"rotation": {"angle": -45, "axis": "y", "origin": [6, 1, 8.175]},
			"faces": {
				"north": {"uv": [6, 10, 6.5, 10.5], "texture": "#0"},
				"east": {"uv": [6.5, 10, 7, 10.5], "texture": "#0"},
				"south": {"uv": [7, 10, 7.5, 10.5], "texture": "#0"},
				"west": {"uv": [9, 10, 9.5, 10.5], "texture": "#0"},
				"up": {"uv": [10, 10.5, 9.5, 10], "texture": "#0"},
				"down": {"uv": [10.5, 10, 10, 10.5], "texture": "#0"}
			}
		},
		{
			"from": [4.45, 8.5, 7.7],
			"to": [5.875, 8.815, 7.95],
			"rotation": {"angle": 45, "axis": "y", "origin": [3.875, 1, 6.7]},
			"faces": {
				"north": {"uv": [10.5, 3, 11, 3.5], "texture": "#0"},
				"east": {"uv": [10.5, 3.5, 11, 4], "texture": "#0"},
				"south": {"uv": [10.5, 4, 11, 4.5], "texture": "#0"},
				"west": {"uv": [10.5, 4.5, 11, 5], "texture": "#0"},
				"up": {"uv": [11, 5.5, 10.5, 5], "texture": "#0"},
				"down": {"uv": [11, 5.5, 10.5, 6], "texture": "#0"}
			}
		},
		{
			"from": [7.75, 8.5, 11.75],
			"to": [9.175, 8.815, 12],
			"rotation": {"angle": 45, "axis": "y", "origin": [7.175, 1, 10]},
			"faces": {
				"north": {"uv": [6, 10.5, 6.5, 11], "texture": "#0"},
				"east": {"uv": [6.5, 10.5, 7, 11], "texture": "#0"},
				"south": {"uv": [7, 10.5, 7.5, 11], "texture": "#0"},
				"west": {"uv": [10.5, 8, 11, 8.5], "texture": "#0"},
				"up": {"uv": [11, 9, 10.5, 8.5], "texture": "#0"},
				"down": {"uv": [9.5, 10.5, 9, 11], "texture": "#0"}
			}
		},
		{
			"from": [6, 8.5, 10.75],
			"to": [9, 8.825, 11],
			"rotation": {"angle": 0, "axis": "y", "origin": [7, 1, 9]},
			"faces": {
				"north": {"uv": [9, 8.5, 10.5, 9], "texture": "#0"},
				"east": {"uv": [10.5, 9, 11, 9.5], "texture": "#0"},
				"south": {"uv": [9, 9, 10.5, 9.5], "texture": "#0"},
				"west": {"uv": [9.5, 10.5, 10, 11], "texture": "#0"},
				"up": {"uv": [11, 0.5, 9.5, 0], "texture": "#0"},
				"down": {"uv": [11, 0.5, 9.5, 1], "texture": "#0"}
			}
		},
		{
			"from": [5, 8.5, 7],
			"to": [5.25, 8.825, 10],
			"rotation": {"angle": 0, "axis": "y", "origin": [7, 1, 7]},
			"faces": {
				"north": {"uv": [10.5, 9.5, 11, 10], "texture": "#0"},
				"east": {"uv": [9.5, 1, 11, 1.5], "texture": "#0"},
				"south": {"uv": [10, 10.5, 10.5, 11], "texture": "#0"},
				"west": {"uv": [9.5, 1.5, 11, 2], "texture": "#0"},
				"up": {"uv": [7, 4.5, 6.5, 3], "texture": "#0"},
				"down": {"uv": [7.5, 3, 7, 4.5], "texture": "#0"}
			}
		},
		{
			"from": [9.75, 8.5, 7],
			"to": [10, 8.825, 10],
			"rotation": {"angle": 0, "axis": "y", "origin": [11.75, 1, 7]},
			"faces": {
				"north": {"uv": [10.5, 10, 11, 10.5], "texture": "#0"},
				"east": {"uv": [9.5, 2, 11, 2.5], "texture": "#0"},
				"south": {"uv": [10.5, 10.5, 11, 11], "texture": "#0"},
				"west": {"uv": [9.5, 2.5, 11, 3], "texture": "#0"},
				"up": {"uv": [10, 4.5, 9.5, 3], "texture": "#0"},
				"down": {"uv": [10, 4.5, 9.5, 6], "texture": "#0"}
			}
		},
		{
			"from": [6, 8.5, 6],
			"to": [9, 8.825, 6.25],
			"rotation": {"angle": 0, "axis": "y", "origin": [7, 1, 5]},
			"faces": {
				"north": {"uv": [6, 9.5, 7.5, 10], "texture": "#0"},
				"east": {"uv": [11, 0, 11.5, 0.5], "texture": "#0"},
				"south": {"uv": [9.5, 6, 11, 6.5], "texture": "#0"},
				"west": {"uv": [11, 0.5, 11.5, 1], "texture": "#0"},
				"up": {"uv": [11, 7, 9.5, 6.5], "texture": "#0"},
				"down": {"uv": [11, 7, 9.5, 7.5], "texture": "#0"}
			}
		},
		{
			"from": [6, 0, 10],
			"to": [9, 8.5, 11],
			"rotation": {"angle": 0, "axis": "y", "origin": [7, 0, 9]},
			"faces": {
				"north": {"uv": [3, 4.5, 4.5, 9], "texture": "#0"},
				"east": {"uv": [8, 3, 8.5, 7.5], "texture": "#0"},
				"south": {"uv": [4.5, 4.5, 6, 9], "texture": "#0"},
				"west": {"uv": [8, 7.5, 8.5, 12], "texture": "#0"},
				"up": {"uv": [11, 8, 9.5, 7.5], "texture": "#0"},
				"down": {"uv": [10.5, 9.5, 9, 10], "texture": "#0"}
			}
		},
		{
			"from": [7.75, 0, 11],
			"to": [9.175, 8.49, 12],
			"rotation": {"angle": 45, "axis": "y", "origin": [7.175, 0, 10]},
			"faces": {
				"north": {"uv": [8.5, 3, 9, 7], "texture": "#0"},
				"east": {"uv": [8.5, 7, 9, 11], "texture": "#0"},
				"south": {"uv": [0, 9, 0.5, 13], "texture": "#0"},
				"west": {"uv": [9, 0, 9.5, 4], "texture": "#0"},
				"up": {"uv": [11.5, 1.5, 11, 1], "texture": "#0"},
				"down": {"uv": [11.5, 1.5, 11, 2], "texture": "#0"}
			}
		},
		{
			"from": [4.45, 0, 7.7],
			"to": [5.875, 8.49, 8.7],
			"rotation": {"angle": 45, "axis": "y", "origin": [3.875, 0, 6.7]},
			"faces": {
				"north": {"uv": [0.5, 9, 1, 13], "texture": "#0"},
				"east": {"uv": [1, 9, 1.5, 13], "texture": "#0"},
				"south": {"uv": [1.5, 9, 2, 13], "texture": "#0"},
				"west": {"uv": [2, 9, 2.5, 13], "texture": "#0"},
				"up": {"uv": [11.5, 2.5, 11, 2], "texture": "#0"},
				"down": {"uv": [11.5, 2.5, 11, 3], "texture": "#0"}
			}
		},
		{
			"from": [6.575, 0, 9.175],
			"to": [8, 8.49, 10.175],
			"rotation": {"angle": -45, "axis": "y", "origin": [6, 0, 8.175]},
			"faces": {
				"north": {"uv": [2.5, 9, 3, 13], "texture": "#0"},
				"east": {"uv": [3, 9, 3.5, 13], "texture": "#0"},
				"south": {"uv": [3.5, 9, 4, 13], "texture": "#0"},
				"west": {"uv": [4, 9, 4.5, 13], "texture": "#0"},
				"up": {"uv": [11.5, 3.5, 11, 3], "texture": "#0"},
				"down": {"uv": [11.5, 3.5, 11, 4], "texture": "#0"}
			}
		},
		{
			"from": [9.875, 0, 5.9],
			"to": [11.3, 8.49, 6.9],
			"rotation": {"angle": -45, "axis": "y", "origin": [9.3, 0, 4.9]},
			"faces": {
				"north": {"uv": [9, 4, 9.5, 8], "texture": "#0"},
				"east": {"uv": [4.5, 9, 5, 13], "texture": "#0"},
				"south": {"uv": [5, 9, 5.5, 13], "texture": "#0"},
				"west": {"uv": [5.5, 9, 6, 13], "texture": "#0"},
				"up": {"uv": [11.5, 4.5, 11, 4], "texture": "#0"},
				"down": {"uv": [11.5, 4.5, 11, 5], "texture": "#0"}
			}
		},
		{
			"from": [5, 0, 7],
			"to": [10, 8.5, 10],
			"rotation": {"angle": 0, "axis": "y", "origin": [7, 0, 7]},
			"faces": {
				"north": {"uv": [0, 0, 2.5, 4.5], "texture": "#0"},
				"east": {"uv": [5, 0, 6.5, 4.5], "texture": "#0"},
				"south": {"uv": [2.5, 0, 5, 4.5], "texture": "#0"},
				"west": {"uv": [6, 4.5, 7.5, 9], "texture": "#0"},
				"up": {"uv": [9, 1.5, 6.5, 0], "texture": "#0"},
				"down": {"uv": [9, 1.5, 6.5, 3], "texture": "#0"}
			}
		}
	],
	"display": {
		"thirdperson_righthand": {
			"translation": [0, 1, 0],
			"scale": [0.6, 0.6, 0.6]
		},
		"firstperson_righthand": {
			"rotation": [0, -71, 0],
			"translation": [1, 3.75, 1.25]
		},
		"firstperson_lefthand": {
			"rotation": [96, -13, -29],
			"translation": [-11.25, 6, 6.75]
		},
		"ground": {
			"rotation": [90, 0, 0],
			"translation": [0.5, 0.25, 3.5],
			"scale": [0.8, 0.8, 0.8]
		},
		"gui": {
			"rotation": [37, -29, 0],
			"translation": [1, 4.25, 0],
			"scale": [1.4, 1.4, 1.4]
		}
	}
}