{
	"credit": "Made with Blockbench",
	"texture_size": [64, 64],
	"textures": {
		"0": "block/blue_portal",
		"particle": "block/blue_portal"
	},
	"elements": [
		{
			"from": [0, 0.45, 0],
			"to": [8, 0.45, 8],
			"rotation": {"angle": 0, "axis": "y", "origin": [0, 0.45, 0]},
			"faces": {
				"north": {"uv": [0, 0, 4.5, 0], "texture": "#0"},
				"east": {"uv": [0, 0, 4.5, 0], "texture": "#0"},
				"south": {"uv": [0, 0, 4.5, 0], "texture": "#0"},
				"west": {"uv": [0, 0, 4.5, 0], "texture": "#0"},
				"up": {"uv": [16, 16, 0, 0], "rotation": 270, "texture": "#0"},
				"down": {"uv": [0, 16, 16, 0], "rotation": 270, "texture": "#0"}
			}
		},
		{
			"from": [8, 0.45, 0],
			"to": [16, 0.45, 8],
			"rotation": {"angle": 0, "axis": "y", "origin": [10, 0.45, 0]},
			"faces": {
				"north": {"uv": [0, 0, 4.5, 0], "texture": "#0"},
				"east": {"uv": [0, 0, 4.5, 0], "texture": "#0"},
				"south": {"uv": [0, 0, 4.5, 0], "texture": "#0"},
				"west": {"uv": [0, 0, 4.5, 0], "texture": "#0"},
				"up": {"uv": [16, 16, 0, 0], "texture": "#0"},
				"down": {"uv": [16, 0, 0, 16], "texture": "#0"}
			}
		},
		{
			"from": [0, 0.45, 8],
			"to": [8, 0.45, 16],
			"rotation": {"angle": 0, "axis": "y", "origin": [0, 0.45, 8]},
			"faces": {
				"north": {"uv": [0, 0, 4.5, 0], "texture": "#0"},
				"east": {"uv": [0, 0, 4.5, 0], "texture": "#0"},
				"south": {"uv": [0, 0, 4.5, 0], "texture": "#0"},
				"west": {"uv": [0, 0, 4.5, 0], "texture": "#0"},
				"up": {"uv": [16, 16, 0, 0], "rotation": 180, "texture": "#0"},
				"down": {"uv": [16, 0, 0, 16], "rotation": 180, "texture": "#0"}
			}
		},
		{
			"from": [8, 0.45, 8],
			"to": [16, 0.45, 16],
			"rotation": {"angle": 0, "axis": "y", "origin": [10, 0.45, 8]},
			"faces": {
				"north": {"uv": [0, 0, 4.5, 0], "texture": "#0"},
				"east": {"uv": [0, 0, 4.5, 0], "texture": "#0"},
				"south": {"uv": [0, 0, 4.5, 0], "texture": "#0"},
				"west": {"uv": [0, 0, 4.5, 0], "texture": "#0"},
				"up": {"uv": [16, 16, 0, 0], "rotation": 90, "texture": "#0"},
				"down": {"uv": [0, 16, 16, 0], "rotation": 90, "texture": "#0"}
			}
		}
	],
	"display": {
		"thirdperson_righthand": {
			"translation": [0, 1, 0],
			"scale": [0.6, 0.6, 0.6]
		},
		"firstperson_righthand": {
			"rotation": [0, -71, 0],
			"translation": [1, 3.75, 1.25]
		},
		"firstperson_lefthand": {
			"rotation": [96, -13, -29],
			"translation": [-11.25, 6, 6.75]
		},
		"ground": {
			"rotation": [90, 0, 0],
			"translation": [0.5, 0.25, 3.5],
			"scale": [0.8, 0.8, 0.8]
		},
		"gui": {
			"rotation": [37, -29, 0],
			"translation": [0, 5.25, 0]
		}
	}
}