{
	"credit": "Made with Blockbench",
	"texture_size": [32, 32],
	"textures": {
		"0": "block/bumaga",
		"particle": "block/bumaga"
	},
	"elements": [
		{
			"from": [0.05, 0.6, 2.25],
			"to": [2.05, 0.6, 14.25],
			"rotation": {"angle": 0, "axis": "y", "origin": [0.05, 0.6, -1.75]},
			"faces": {
				"north": {"uv": [0, 0, 1, 0], "texture": "#0"},
				"east": {"uv": [0, 0, 6, 0], "texture": "#0"},
				"south": {"uv": [0, 0, 1, 0], "texture": "#0"},
				"west": {"uv": [0, 0, 6, 0], "texture": "#0"},
				"up": {"uv": [1, 6, 0, 0], "texture": "#0"},
				"down": {"uv": [2, 0, 1, 6], "texture": "#0"}
			}
		},
		{
			"from": [5.675, 0.6, 2.25],
			"to": [7.675, 0.6, 14.25],
			"rotation": {"angle": 0, "axis": "y", "origin": [5.675, 0.6, -1.75]},
			"faces": {
				"north": {"uv": [0, 0, 1, 0], "texture": "#0"},
				"east": {"uv": [0, 0, 6, 0], "texture": "#0"},
				"south": {"uv": [0, 0, 1, 0], "texture": "#0"},
				"west": {"uv": [0, 0, 6, 0], "texture": "#0"},
				"up": {"uv": [3, 6, 2, 0], "texture": "#0"},
				"down": {"uv": [4, 0, 3, 6], "texture": "#0"}
			}
		},
		{
			"from": [7.625, 0.6, 2.25],
			"to": [9.375, 0.6, 14.25],
			"rotation": {"angle": 0, "axis": "y", "origin": [7.375, 0.6, -1.75]},
			"faces": {
				"north": {"uv": [0, 0, 1, 0], "texture": "#0"},
				"east": {"uv": [0, 0, 6, 0], "texture": "#0"},
				"south": {"uv": [0, 0, 1, 0], "texture": "#0"},
				"west": {"uv": [0, 0, 6, 0], "texture": "#0"},
				"up": {"uv": [5, 6, 4, 0], "texture": "#0"},
				"down": {"uv": [6, 0, 5, 6], "texture": "#0"}
			}
		},
		{
			"from": [12.95, 0.6, 2.25],
			"to": [14.95, 0.6, 14.25],
			"rotation": {"angle": 22.5, "axis": "z", "origin": [12.95, 0.6, -1.75]},
			"faces": {
				"north": {"uv": [0, 0, 1, 0], "texture": "#0"},
				"east": {"uv": [0, 0, 6, 0], "texture": "#0"},
				"south": {"uv": [0, 0, 1, 0], "texture": "#0"},
				"west": {"uv": [0, 0, 6, 0], "texture": "#0"},
				"up": {"uv": [1, 12, 0, 6], "texture": "#0"},
				"down": {"uv": [7, 0, 6, 6], "texture": "#0"}
			}
		},
		{
			"from": [2.05, 0.6, 2.25],
			"to": [4.05, 0.6, 14.25],
			"rotation": {"angle": 22.5, "axis": "z", "origin": [2.05, 0.6, -1.75]},
			"faces": {
				"north": {"uv": [0, 0, 1, 0], "texture": "#0"},
				"east": {"uv": [0, 0, 6, 0], "texture": "#0"},
				"south": {"uv": [0, 0, 1, 0], "texture": "#0"},
				"west": {"uv": [0, 0, 6, 0], "texture": "#0"},
				"up": {"uv": [2, 12, 1, 6], "texture": "#0"},
				"down": {"uv": [3, 6, 2, 12], "texture": "#0"}
			}
		},
		{
			"from": [11.175, 1.35, 2.25],
			"to": [13.175, 1.35, 14.25],
			"rotation": {"angle": -22.5, "axis": "z", "origin": [11.175, 1.35, -1.75]},
			"faces": {
				"north": {"uv": [0, 0, 1, 0], "texture": "#0"},
				"east": {"uv": [0, 0, 6, 0], "texture": "#0"},
				"south": {"uv": [0, 0, 1, 0], "texture": "#0"},
				"west": {"uv": [0, 0, 6, 0], "texture": "#0"},
				"up": {"uv": [4, 12, 3, 6], "texture": "#0"},
				"down": {"uv": [5, 6, 4, 12], "texture": "#0"}
			}
		},
		{
			"from": [9.35, 0.6, 2.25],
			"to": [11.35, 0.6, 14.25],
			"rotation": {"angle": 22.5, "axis": "z", "origin": [9.35, 0.6, -1.75]},
			"faces": {
				"north": {"uv": [0, 0, 1, 0], "texture": "#0"},
				"east": {"uv": [0, 0, 6, 0], "texture": "#0"},
				"south": {"uv": [0, 0, 1, 0], "texture": "#0"},
				"west": {"uv": [0, 0, 6, 0], "texture": "#0"},
				"up": {"uv": [6, 12, 5, 6], "texture": "#0"},
				"down": {"uv": [7, 6, 6, 12], "texture": "#0"}
			}
		},
		{
			"from": [3.875, 1.35, 2.25],
			"to": [5.875, 1.35, 14.25],
			"rotation": {"angle": -22.5, "axis": "z", "origin": [3.875, 1.35, -1.75]},
			"faces": {
				"north": {"uv": [0, 0, 1, 0], "texture": "#0"},
				"east": {"uv": [0, 0, 6, 0], "texture": "#0"},
				"south": {"uv": [0, 0, 1, 0], "texture": "#0"},
				"west": {"uv": [0, 0, 6, 0], "texture": "#0"},
				"up": {"uv": [8, 6, 7, 0], "texture": "#0"},
				"down": {"uv": [8, 6, 7, 12], "texture": "#0"}
			}
		}
	],
	"display": {
		"thirdperson_righthand": {
			"rotation": [0, 0, 87],
			"translation": [-3.75, -1, -0.25],
			"scale": [0.5, 0.5, 0.5]
		},
		"thirdperson_lefthand": {
			"scale": [0, 0, 0]
		},
		"firstperson_righthand": {
			"rotation": [-13, 2, 87],
			"translation": [-3.5, 3.25, -1.75],
			"scale": [0.8, 0.8, 0.8]
		},
		"ground": {
			"translation": [0, 3.25, 0],
			"scale": [0.7, 0.7, 0.7]
		},
		"gui": {
			"rotation": [19, 50, 87],
			"translation": [-4.75, -0.5, 0]
		},
		"head": {
			"translation": [0, 1.25, 0]
		}
	},
	"groups": [
		{
			"name": "oak_sapling",
			"origin": [8, 8, 8],
			"color": 0,
			"children": [0, 1, 2, 3, 4, 5, 6, 7]
		}
	]
}