{
	"credit": "Made with Blockbench",
	"texture_size": [32, 32],
	"textures": {
		"0": "block/end_grip",
		"particle": "block/end_grip"
	},
	"elements": [
		{
			"from": [7, 0, 7],
			"to": [9, 6, 9],
			"rotation": {"angle": 0, "axis": "y", "origin": [7, 0, 7]},
			"faces": {
				"north": {"uv": [8, 11, 9, 14], "texture": "#0"},
				"east": {"uv": [9, 11, 10, 14], "texture": "#0"},
				"south": {"uv": [10, 11, 11, 14], "texture": "#0"},
				"west": {"uv": [11, 11, 12, 14], "texture": "#0"},
				"up": {"uv": [13, 1, 12, 0], "texture": "#0"},
				"down": {"uv": [13, 1, 12, 2], "texture": "#0"}
			}
		},
		{
			"from": [3.975, 6, 4],
			"to": [12.025, 8, 12],
			"rotation": {"angle": 0, "axis": "y", "origin": [7, 6, 7]},
			"faces": {
				"north": {"uv": [8, 3, 12, 4], "texture": "#0"},
				"east": {"uv": [8, 4, 12, 5], "texture": "#0"},
				"south": {"uv": [8, 5, 12, 6], "texture": "#0"},
				"west": {"uv": [8, 6, 12, 7], "texture": "#0"},
				"up": {"uv": [4, 4, 0, 0], "texture": "#0"},
				"down": {"uv": [4, 4, 0, 8], "texture": "#0"}
			}
		},
		{
			"from": [4, 7.15, 5.5],
			"to": [12, 14, 7.5],
			"rotation": {"angle": 22.5, "axis": "x", "origin": [7, 7.15, 7.5]},
			"faces": {
				"north": {"uv": [4, 7, 8, 10.5], "texture": "#0"},
				"east": {"uv": [6, 10.5, 7, 14], "texture": "#0"},
				"south": {"uv": [0, 8, 4, 11.5], "texture": "#0"},
				"west": {"uv": [7, 10.5, 8, 14], "texture": "#0"},
				"up": {"uv": [12, 10, 8, 9], "texture": "#0"},
				"down": {"uv": [12, 10, 8, 11], "texture": "#0"}
			}
		},
		{
			"from": [3.975, 8, 8.275],
			"to": [12.025, 14.25, 10.5],
			"rotation": {"angle": 0, "axis": "y", "origin": [7, 7.15, 10.5]},
			"faces": {
				"north": {"uv": [4, 0, 8, 3.5], "texture": "#0"},
				"east": {"uv": [4, 10.5, 5, 14], "texture": "#0"},
				"south": {"uv": [4, 3.5, 8, 7], "texture": "#0"},
				"west": {"uv": [5, 10.5, 6, 14], "texture": "#0"},
				"up": {"uv": [12, 8, 8, 7], "texture": "#0"},
				"down": {"uv": [12, 8, 8, 9], "texture": "#0"}
			}
		},
		{
			"from": [4.025, 7.15, 7.775],
			"to": [11.975, 10.25, 8.75],
			"rotation": {"angle": 0, "axis": "y", "origin": [7, 7.15, 9]},
			"faces": {
				"north": {"uv": [8, 0, 12, 1.5], "texture": "#0"},
				"east": {"uv": [12, 2, 12.5, 3.5], "texture": "#0"},
				"south": {"uv": [8, 1.5, 12, 3], "texture": "#0"},
				"west": {"uv": [12, 3.5, 12.5, 5], "texture": "#0"},
				"up": {"uv": [4, 12, 0, 11.5], "texture": "#0"},
				"down": {"uv": [4, 12, 0, 12.5], "texture": "#0"}
			}
		}
	]
}