{
	"credit": "Made with Blockbench",
	"texture_size": [128, 128],
	"textures": {
		"0": "block/warped_wart_block1",
		"particle": "block/warped_wart_block1"
	},
	"elements": [
		{
			"from": [-16, 0.15, -16],
			"to": [32, 0.15, 32],
			"rotation": {"angle": 0, "axis": "y", "origin": [0, 0.15, 0]},
			"faces": {
				"north": {"uv": [0, 0, 6, 0], "texture": "#0"},
				"east": {"uv": [0, 0, 6, 0], "texture": "#0"},
				"south": {"uv": [0, 0, 6, 0], "texture": "#0"},
				"west": {"uv": [0, 0, 6, 0], "texture": "#0"},
				"up": {"uv": [16, 16, 0, 0], "texture": "#0"},
				"down": {"uv": [16, 0, 0, 16], "texture": "#0"}
			}
		}
	]
}