{
	"credit": "Made with Blockbench",
	"textures": {
		"0": "block/obsidian",
		"1": "block/endcrystal",
		"particle": "block/obsidian"
	},
	"elements": [
		{
			"from": [5, 0, 5],
			"to": [11, 15, 11],
			"rotation": {"angle": 0, "axis": "y", "origin": [7, 0, 7]},
			"faces": {
				"north": {"uv": [0, 0, 5.75, 16.875], "texture": "#0"},
				"east": {"uv": [0, 0, 5.75, 16], "texture": "#0"},
				"south": {"uv": [0, 0, 5.75, 16], "texture": "#0"},
				"west": {"uv": [0, 0, 5.75, 16], "texture": "#0"},
				"up": {"uv": [0, 0, 5.75, 5.75], "texture": "#0"},
				"down": {"uv": [0, 0, 5.75, 5.75], "texture": "#0"}
			}
		},
		{
			"from": [6, 19, 5.225],
			"to": [10, 23, 9.225],
			"rotation": {"angle": 45, "axis": "x", "origin": [7, 19, 5.225]},
			"faces": {
				"north": {"uv": [0, 0, 4, 4], "texture": "#1"},
				"east": {"uv": [0, 4, 4, 8], "texture": "#1"},
				"south": {"uv": [4, 0, 8, 4], "texture": "#1"},
				"west": {"uv": [4, 4, 8, 8], "texture": "#1"},
				"up": {"uv": [4, 12, 0, 8], "texture": "#1"},
				"down": {"uv": [12, 0, 8, 4], "texture": "#1"}
			}
		}
	]
}