{
	"credit": "Made with Blockbench",
	"texture_size": [32, 32],
	"textures": {
		"0": "block/mirror",
		"particle": "block/mirror"
	},
	"elements": [
		{
			"from": [11, 11.25, 7],
			"to": [12, 18.75, 9],
			"rotation": {"angle": 0, "axis": "y", "origin": [10, 10, 7]},
			"faces": {
				"north": {"uv": [8, 0, 8.5, 4], "texture": "#0"},
				"east": {"uv": [4, 4, 5, 8], "texture": "#0"},
				"south": {"uv": [4, 8, 4.5, 12], "texture": "#0"},
				"west": {"uv": [5, 4, 6, 8], "texture": "#0"},
				"up": {"uv": [8, 10.5, 7.5, 9.5], "texture": "#0"},
				"down": {"uv": [8.5, 9.5, 8, 10.5], "texture": "#0"}
			}
		},
		{
			"from": [4, 10.975, 7.35],
			"to": [11, 19, 8.65],
			"rotation": {"angle": 0, "axis": "y", "origin": [9, 10, 7]},
			"faces": {
				"north": {"uv": [0, 0, 3.5, 4], "texture": "#0"},
				"east": {"uv": [4.5, 8, 5, 12], "texture": "#0"},
				"south": {"uv": [3.5, 0, 7, 4], "texture": "#0"},
				"west": {"uv": [5, 8, 5.5, 12], "texture": "#0"},
				"up": {"uv": [10, 8.5, 6.5, 8], "texture": "#0"},
				"down": {"uv": [12, 0, 8.5, 0.5], "texture": "#0"}
			}
		},
		{
			"from": [3, 11.25, 7],
			"to": [4, 18.75, 9],
			"rotation": {"angle": 0, "axis": "y", "origin": [2, 10, 7]},
			"faces": {
				"north": {"uv": [5.5, 8, 6, 12], "texture": "#0"},
				"east": {"uv": [6, 4, 7, 8], "texture": "#0"},
				"south": {"uv": [6, 8, 6.5, 12], "texture": "#0"},
				"west": {"uv": [7, 0, 8, 4], "texture": "#0"},
				"up": {"uv": [9, 10.5, 8.5, 9.5], "texture": "#0"},
				"down": {"uv": [10, 8.5, 9.5, 9.5], "texture": "#0"}
			}
		},
		{
			"from": [6.75, 0, 7.25],
			"to": [8.25, 10, 8.75],
			"rotation": {"angle": 0, "axis": "y", "origin": [6.5, 0, 7]},
			"faces": {
				"north": {"uv": [0, 4, 1, 9], "texture": "#0"},
				"east": {"uv": [1, 4, 2, 9], "texture": "#0"},
				"south": {"uv": [2, 4, 3, 9], "texture": "#0"},
				"west": {"uv": [3, 4, 4, 9], "texture": "#0"},
				"up": {"uv": [9.5, 3.5, 8.5, 2.5], "texture": "#0"},
				"down": {"uv": [7.5, 8.5, 6.5, 9.5], "texture": "#0"}
			}
		},
		{
			"from": [4.25, 10, 7],
			"to": [10.75, 11, 9],
			"rotation": {"angle": 0, "axis": "y", "origin": [7, 1, 7]},
			"faces": {
				"north": {"uv": [8.5, 0.5, 12, 1], "texture": "#0"},
				"east": {"uv": [8.5, 3.5, 9.5, 4], "texture": "#0"},
				"south": {"uv": [8.5, 1, 12, 1.5], "texture": "#0"},
				"west": {"uv": [9.5, 3.5, 10.5, 4], "texture": "#0"},
				"up": {"uv": [10.5, 5, 7, 4], "texture": "#0"},
				"down": {"uv": [10.5, 5, 7, 6], "texture": "#0"}
			}
		},
		{
			"from": [17.725, 11.225, 7],
			"to": [19.5, 12.2, 9],
			"rotation": {"angle": 45, "axis": "z", "origin": [15.725, 2.2, 7]},
			"faces": {
				"north": {"uv": [9, 9.5, 10, 10], "texture": "#0"},
				"east": {"uv": [0, 10, 1, 10.5], "texture": "#0"},
				"south": {"uv": [1, 10, 2, 10.5], "texture": "#0"},
				"west": {"uv": [2, 10, 3, 10.5], "texture": "#0"},
				"up": {"uv": [8.5, 9.5, 7.5, 8.5], "texture": "#0"},
				"down": {"uv": [9.5, 8.5, 8.5, 9.5], "texture": "#0"}
			}
		},
		{
			"from": [-2.8, 15.3, 7],
			"to": [-1.025, 16.275, 9],
			"rotation": {"angle": -45, "axis": "z", "origin": [-4.8, 6.275, 7]},
			"faces": {
				"north": {"uv": [3, 10, 4, 10.5], "texture": "#0"},
				"east": {"uv": [10, 8, 11, 8.5], "texture": "#0"},
				"south": {"uv": [10, 8.5, 11, 9], "texture": "#0"},
				"west": {"uv": [9, 10, 10, 10.5], "texture": "#0"},
				"up": {"uv": [1, 10, 0, 9], "texture": "#0"},
				"down": {"uv": [2, 9, 1, 10], "texture": "#0"}
			}
		},
		{
			"from": [4.3, 23.4, 7],
			"to": [6.05, 24.35, 9],
			"rotation": {"angle": -45, "axis": "z", "origin": [2.275, 14.375, 7]},
			"faces": {
				"north": {"uv": [10, 9, 11, 9.5], "texture": "#0"},
				"east": {"uv": [10, 9.5, 11, 10], "texture": "#0"},
				"south": {"uv": [10, 10, 11, 10.5], "texture": "#0"},
				"west": {"uv": [0, 10.5, 1, 11], "texture": "#0"},
				"up": {"uv": [3, 10, 2, 9], "texture": "#0"},
				"down": {"uv": [4, 9, 3, 10], "texture": "#0"}
			}
		},
		{
			"from": [10.65, 19.275, 7],
			"to": [12.425, 20.275, 9],
			"rotation": {"angle": 45, "axis": "z", "origin": [8.65, 10.275, 7]},
			"faces": {
				"north": {"uv": [1, 10.5, 2, 11], "texture": "#0"},
				"east": {"uv": [2, 10.5, 3, 11], "texture": "#0"},
				"south": {"uv": [10.5, 2.5, 11.5, 3], "texture": "#0"},
				"west": {"uv": [3, 10.5, 4, 11], "texture": "#0"},
				"up": {"uv": [10.5, 3.5, 9.5, 2.5], "texture": "#0"},
				"down": {"uv": [7.5, 9.5, 6.5, 10.5], "texture": "#0"}
			}
		},
		{
			"from": [4.25, 19, 7],
			"to": [10.75, 20, 9],
			"rotation": {"angle": 0, "axis": "y", "origin": [7, 10, 7]},
			"faces": {
				"north": {"uv": [8.5, 1.5, 12, 2], "texture": "#0"},
				"east": {"uv": [10.5, 3, 11.5, 3.5], "texture": "#0"},
				"south": {"uv": [8.5, 2, 12, 2.5], "texture": "#0"},
				"west": {"uv": [10.5, 3.5, 11.5, 4], "texture": "#0"},
				"up": {"uv": [10.5, 7, 7, 6], "texture": "#0"},
				"down": {"uv": [10.5, 7, 7, 8], "texture": "#0"}
			}
		}
	],
	"display": {
		"thirdperson_righthand": {
			"rotation": [0, -28, 0],
			"translation": [0, 0.25, 1.5],
			"scale": [0.6, 0.6, 0.6]
		},
		"firstperson_righthand": {
			"rotation": [-10, -10, 0],
			"translation": [2.5, 0, 0],
			"scale": [0.8, 0.8, 0.8]
		},
		"ground": {
			"rotation": [90, 0, 0],
			"translation": [0, -1.5, 0],
			"scale": [0.7, 0.7, 0.7]
		},
		"gui": {
			"rotation": [28, -19, 0],
			"translation": [0.75, -1.5, 0],
			"scale": [0.8, 0.8, 0.8]
		}
	}
}