{
	"credit": "Made with Blockbench",
	"texture_size": [32, 32],
	"textures": {
		"0": "block/eye",
		"particle": "block/eye"
	},
	"elements": [
		{
			"from": [6, 4, 7],
			"to": [11, 9, 12],
			"rotation": {"angle": 0, "axis": "y", "origin": [7, 4, 7]},
			"faces": {
				"north": {"uv": [0, 0, 2.5, 2.5], "texture": "#0"},
				"east": {"uv": [0, 2.5, 2.5, 5], "texture": "#0"},
				"south": {"uv": [2.5, 0, 5, 2.5], "texture": "#0"},
				"west": {"uv": [2.5, 2.5, 5, 5], "texture": "#0"},
				"up": {"uv": [2.5, 7.5, 0, 5], "texture": "#0"},
				"down": {"uv": [7.5, 0, 5, 2.5], "texture": "#0"}
			}
		},
		{
			"from": [10.675, 4.325, 11],
			"to": [10.675, 5.325, 18],
			"rotation": {"angle": -22.5, "axis": "x", "origin": [6.675, 4.325, 12]},
			"faces": {
				"north": {"uv": [0, 0, 0, 0.5], "texture": "#0"},
				"east": {"uv": [2.5, 5.5, 6, 6], "texture": "#0"},
				"south": {"uv": [0, 0, 0, 0.5], "texture": "#0"},
				"west": {"uv": [2.5, 6, 6, 6.5], "texture": "#0"},
				"up": {"uv": [0, 3.5, 0, 0], "texture": "#0"},
				"down": {"uv": [0, 0, 0, 3.5], "texture": "#0"}
			}
		},
		{
			"from": [7.4, 5.475, 11],
			"to": [7.4, 6.475, 20],
			"rotation": {"angle": -22.5, "axis": "x", "origin": [3.4, 5.475, 12]},
			"faces": {
				"north": {"uv": [0, 0, 0, 0.5], "texture": "#0"},
				"east": {"uv": [2.5, 5, 7, 5.5], "texture": "#0"},
				"south": {"uv": [0, 0, 0, 0.5], "texture": "#0"},
				"west": {"uv": [5, 2.5, 9.5, 3], "texture": "#0"},
				"up": {"uv": [0, 4.5, 0, 0], "texture": "#0"},
				"down": {"uv": [0, 0, 0, 4.5], "texture": "#0"}
			}
		},
		{
			"from": [6.8, 5.925, 10],
			"to": [6.8, 6.925, 18],
			"rotation": {"angle": 22.5, "axis": "x", "origin": [2.8, 5.925, 12]},
			"faces": {
				"north": {"uv": [0, 0, 0, 0.5], "texture": "#0"},
				"east": {"uv": [5, 4, 9, 4.5], "texture": "#0"},
				"south": {"uv": [0, 0, 0, 0.5], "texture": "#0"},
				"west": {"uv": [5, 4.5, 9, 5], "texture": "#0"},
				"up": {"uv": [0, 4, 0, 0], "texture": "#0"},
				"down": {"uv": [0, 0, 0, 4], "texture": "#0"}
			}
		},
		{
			"from": [8.7, 7.5, 11],
			"to": [8.7, 8.5, 18],
			"rotation": {"angle": 22.5, "axis": "x", "origin": [4.7, 7.5, 12]},
			"faces": {
				"north": {"uv": [0, 0, 0, 0.5], "texture": "#0"},
				"east": {"uv": [6, 5.5, 9.5, 6], "texture": "#0"},
				"south": {"uv": [0, 0, 0, 0.5], "texture": "#0"},
				"west": {"uv": [6, 6, 9.5, 6.5], "texture": "#0"},
				"up": {"uv": [0, 3.5, 0, 0], "texture": "#0"},
				"down": {"uv": [0, 0, 0, 3.5], "texture": "#0"}
			}
		},
		{
			"from": [9.7, 6.5, 11],
			"to": [9.7, 7.5, 20],
			"rotation": {"angle": 0, "axis": "x", "origin": [5.7, 6.5, 12]},
			"faces": {
				"north": {"uv": [0, 0, 0, 0.5], "texture": "#0"},
				"east": {"uv": [5, 3, 9.5, 3.5], "texture": "#0"},
				"south": {"uv": [0, 0, 0, 0.5], "texture": "#0"},
				"west": {"uv": [5, 3.5, 9.5, 4], "texture": "#0"},
				"up": {"uv": [0, 4.5, 0, 0], "texture": "#0"},
				"down": {"uv": [0, 0, 0, 4.5], "texture": "#0"}
			}
		},
		{
			"from": [10.55, 7.575, 11],
			"to": [10.55, 8.575, 18],
			"rotation": {"angle": 0, "axis": "y", "origin": [6.55, 7.575, 12]},
			"faces": {
				"north": {"uv": [0, 0, 0, 0.5], "texture": "#0"},
				"east": {"uv": [2.5, 6.5, 6, 7], "texture": "#0"},
				"south": {"uv": [0, 0, 0, 0.5], "texture": "#0"},
				"west": {"uv": [6, 6.5, 9.5, 7], "texture": "#0"},
				"up": {"uv": [0, 3.5, 0, 0], "texture": "#0"},
				"down": {"uv": [0, 0, 0, 3.5], "texture": "#0"}
			}
		},
		{
			"from": [9.1, 4.4, 11],
			"to": [9.1, 5.4, 18],
			"rotation": {"angle": 0, "axis": "y", "origin": [5.1, 4.4, 12]},
			"faces": {
				"north": {"uv": [0, 0, 0, 0.5], "texture": "#0"},
				"east": {"uv": [2.5, 7, 6, 7.5], "texture": "#0"},
				"south": {"uv": [0, 0, 0, 0.5], "texture": "#0"},
				"west": {"uv": [7, 5, 10.5, 5.5], "texture": "#0"},
				"up": {"uv": [0, 3.5, 0, 0], "texture": "#0"},
				"down": {"uv": [0, 0, 0, 3.5], "texture": "#0"}
			}
		}
	],
	"display": {
		"thirdperson_righthand": {
			"rotation": [177.5, 42.69, -176.54],
			"translation": [-1.5, -0.5, 1.5],
			"scale": [0.6, 0.6, 0.6]
		},
		"firstperson_righthand": {
			"rotation": [1, 114, 13],
			"translation": [1.5, 4.75, 0]
		},
		"ground": {
			"translation": [0, 1, 0],
			"scale": [0.8, 0.8, 0.8]
		},
		"gui": {
			"rotation": [23, 138, 0],
			"translation": [-3, 0.25, 0],
			"scale": [1.4, 1.4, 1.4]
		}
	}
}