{
	"credit": "Made with Blockbench",
	"textures": {
		"0": "block/knife",
		"particle": "block/knife"
	},
	"elements": [
		{
			"from": [6.5, 0, 7.35],
			"to": [7.5, 6, 8.75],
			"rotation": {"angle": 0, "axis": "y", "origin": [6, 0, 7]},
			"faces": {
				"north": {"uv": [6, 0, 7, 6], "texture": "#0"},
				"east": {"uv": [6, 6, 7, 12], "texture": "#0"},
				"south": {"uv": [7, 0, 8, 6], "texture": "#0"},
				"west": {"uv": [7, 6, 8, 12], "texture": "#0"},
				"up": {"uv": [5, 9, 4, 8], "texture": "#0"},
				"down": {"uv": [9, 4, 8, 5], "texture": "#0"}
			}
		},
		{
			"from": [6.95, 6, 7],
			"to": [7.075, 13.5, 9],
			"rotation": {"angle": 0, "axis": "y", "origin": [6, 6, 7]},
			"faces": {
				"north": {"uv": [4, 0, 5, 8], "texture": "#0"},
				"east": {"uv": [0, 0, 2, 8], "texture": "#0"},
				"south": {"uv": [5, 0, 6, 8], "texture": "#0"},
				"west": {"uv": [2, 0, 4, 8], "texture": "#0"},
				"up": {"uv": [1, 10, 0, 8], "texture": "#0"},
				"down": {"uv": [9, 0, 8, 2], "texture": "#0"}
			}
		},
		{
			"from": [6.95, 13.475, 7],
			"to": [7.075, 15, 8],
			"rotation": {"angle": 0, "axis": "y", "origin": [6, 8, 7]},
			"faces": {
				"north": {"uv": [1, 8, 2, 10], "texture": "#0"},
				"east": {"uv": [2, 8, 3, 10], "texture": "#0"},
				"south": {"uv": [8, 2, 9, 4], "texture": "#0"},
				"west": {"uv": [3, 8, 4, 10], "texture": "#0"},
				"up": {"uv": [6, 9, 5, 8], "texture": "#0"},
				"down": {"uv": [9, 5, 8, 6], "texture": "#0"}
			}
		}
	],
	"display": {
		"thirdperson_righthand": {
			"rotation": [3.29, 28.42, -12.96],
			"translation": [1.25, 4.25, 0.25],
			"scale": [0.79, 0.79, 0.79]
		},
		"thirdperson_lefthand": {
			"rotation": [2.2, 23.72, -10.47],
			"translation": [-0.75, 4.25, 1],
			"scale": [0.79, 0.79, 0.79]
		},
		"firstperson_righthand": {
			"rotation": [-20, -13, 11],
			"translation": [2.5, 3.5, 0]
		},
		"firstperson_lefthand": {
			"rotation": [-133, 0, 0],
			"translation": [2.5, 13.25, 0]
		},
		"ground": {
			"rotation": [0, 0, 90],
			"translation": [0, -1.75, 0]
		},
		"gui": {
			"rotation": [19, 40, -52],
			"translation": [1.25, 0, 0],
			"scale": [1.2, 1.2, 1.2]
		}
	}
}