{
	"credit": "Made with Blockbench",
	"texture_size": [64, 64],
	"textures": {
		"0": "block/has",
		"1": "block/monitor",
		"particle": "block/has"
	},
	"elements": [
		{
			"from": [3, 0, 5],
			"to": [13, 1, 11],
			"faces": {
				"north": {"uv": [6.5, 0, 9, 0.25], "texture": "#1"},
				"east": {"uv": [6.5, 0.5, 8, 0.75], "texture": "#1"},
				"south": {"uv": [6.5, 0.25, 9, 0.5], "texture": "#1"},
				"west": {"uv": [6.5, 0.75, 8, 1], "texture": "#1"},
				"up": {"uv": [6.5, 1.5, 4, 0], "texture": "#1"},
				"down": {"uv": [6.5, 1.5, 4, 3], "texture": "#1"}
			}
		},
		{
			"from": [5, 1, 7],
			"to": [11, 2, 9],
			"rotation": {"angle": 0, "axis": "y", "origin": [0, 1, 0]},
			"faces": {
				"north": {"uv": [6.5, 1, 8, 1.25], "texture": "#1"},
				"east": {"uv": [6.5, 1.5, 7, 1.75], "texture": "#1"},
				"south": {"uv": [6.5, 1.25, 8, 1.5], "texture": "#1"},
				"west": {"uv": [6.5, 1.75, 7, 2], "texture": "#1"},
				"up": {"uv": [1.5, 6.75, 0, 6.25], "texture": "#1"},
				"down": {"uv": [3, 6.25, 1.5, 6.75], "texture": "#1"}
			}
		},
		{
			"from": [-1, 2, 7],
			"to": [17, 3, 9],
			"rotation": {"angle": 0, "axis": "y", "origin": [0, 2, 0]},
			"faces": {
				"north": {"uv": [6, 5, 10.5, 5.25], "texture": "#1"},
				"east": {"uv": [6.5, 2, 7, 2.25], "texture": "#1"},
				"south": {"uv": [6, 5.25, 10.5, 5.5], "texture": "#1"},
				"west": {"uv": [6.5, 2.25, 7, 2.5], "texture": "#1"},
				"up": {"uv": [8.5, 3.5, 4, 3], "texture": "#1"},
				"down": {"uv": [8.5, 3.5, 4, 4], "texture": "#1"}
			}
		},
		{
			"from": [-1, 15, 7],
			"to": [17, 16, 9],
			"rotation": {"angle": 0, "axis": "y", "origin": [0, 15, 0]},
			"faces": {
				"north": {"uv": [6, 5.5, 10.5, 5.75], "texture": "#1"},
				"east": {"uv": [6.5, 2.5, 7, 2.75], "texture": "#1"},
				"south": {"uv": [6, 5.75, 10.5, 6], "texture": "#1"},
				"west": {"uv": [6.5, 2.75, 7, 3], "texture": "#1"},
				"up": {"uv": [8.5, 4.5, 4, 4], "texture": "#1"},
				"down": {"uv": [8.5, 4.5, 4, 5], "texture": "#1"}
			}
		},
		{
			"from": [-1, 3, 7],
			"to": [0, 15, 9],
			"rotation": {"angle": 0, "axis": "y", "origin": [0, 14, 0]},
			"faces": {
				"north": {"uv": [3, 6.25, 3.25, 9.25], "texture": "#1"},
				"east": {"uv": [4, 5, 4.5, 8], "texture": "#1"},
				"south": {"uv": [3.25, 6.25, 3.5, 9.25], "texture": "#1"},
				"west": {"uv": [4.5, 5, 5, 8], "texture": "#1"},
				"up": {"uv": [6.75, 6.75, 6.5, 6.25], "texture": "#1"},
				"down": {"uv": [0.25, 6.75, 0, 7.25], "texture": "#1"}
			}
		},
		{
			"from": [0, 3, 7],
			"to": [16, 15, 8.325],
			"rotation": {"angle": 0, "axis": "y", "origin": [1, 14, 0]},
			"faces": {
				"north": {"uv": [0, 0, 16, 16], "texture": "#0"},
				"east": {"uv": [3.5, 6.25, 3.75, 9.25], "texture": "#0"},
				"south": {"uv": [0, 0, 16, 16], "texture": "#0"},
				"west": {"uv": [3.75, 6.25, 4, 9.25], "texture": "#0"},
				"up": {"uv": [4, 6.25, 0, 6], "texture": "#0"},
				"down": {"uv": [10, 6, 6, 6.25], "texture": "#0"}
			}
		},
		{
			"from": [16, 3, 7],
			"to": [17, 15, 9],
			"rotation": {"angle": 0, "axis": "y", "origin": [17, 14, 0]},
			"faces": {
				"north": {"uv": [6, 6.25, 6.25, 9.25], "texture": "#1"},
				"east": {"uv": [5, 5, 5.5, 8], "texture": "#1"},
				"south": {"uv": [6.25, 6.25, 6.5, 9.25], "texture": "#1"},
				"west": {"uv": [5.5, 5, 6, 8], "texture": "#1"},
				"up": {"uv": [0.5, 7.25, 0.25, 6.75], "texture": "#1"},
				"down": {"uv": [0.75, 6.75, 0.5, 7.25], "texture": "#1"}
			}
		}
	],
	"display": {
		"thirdperson_righthand": {
			"rotation": [110, -163, 0],
			"translation": [-0.5, 0, 5.25],
			"scale": [0.5, 0.5, 0.5]
		},
		"firstperson_righthand": {
			"rotation": [25, -151, 13],
			"translation": [3, 7.5, 4]
		},
		"ground": {
			"translation": [0, 3.75, 0],
			"scale": [0.6, 0.6, 0.6]
		},
		"gui": {
			"rotation": [28, -49, 0],
			"translation": [1, 7.25, 0],
			"scale": [1.31, 1.31, 1.26]
		}
	}
}