{
	"credit": "Made with Blockbench",
	"texture_size": [32, 32],
	"textures": {
		"0": "item/triplets",
		"particle": "item/triplets"
	},
	"elements": [
		{
			"name": "right_wing",
			"from": [7.5, 2, 9],
			"to": [7.5, 7, 17],
			"rotation": {"angle": 22.5, "axis": "y", "origin": [7, 2, 8]},
			"faces": {
				"north": {"uv": [12, 11, 12, 13.5], "texture": "#0"},
				"east": {"uv": [8, 13.5, 12, 11], "texture": "#0"},
				"south": {"uv": [16, 11, 16, 13.5], "texture": "#0"},
				"west": {"uv": [12, 13.5, 8, 11], "texture": "#0"},
				"up": {"uv": [12, 11, 12, 7], "texture": "#0"},
				"down": {"uv": [12, 7, 12, 11], "texture": "#0"}
			}
		},
		{
			"name": "head",
			"from": [4.5, 5, 5.5],
			"to": [9.5, 10, 10.5],
			"rotation": {"angle": 0, "axis": "y", "origin": [7, -1, 8]},
			"faces": {
				"north": {"uv": [2.5, 2.5, 5, 5], "texture": "#0"},
				"east": {"uv": [0, 2.5, 2.5, 5], "texture": "#0"},
				"south": {"uv": [7.5, 2.5, 10, 5], "texture": "#0"},
				"west": {"uv": [5, 2.5, 7.5, 5], "texture": "#0"},
				"up": {"uv": [5, 2.5, 2.5, 0], "texture": "#0"},
				"down": {"uv": [7.5, 0, 5, 2.5], "texture": "#0"}
			}
		},
		{
			"name": "body",
			"from": [5.5, 1, 7],
			"to": [8.5, 5, 9],
			"rotation": {"angle": 0, "axis": "y", "origin": [7, -1, 8]},
			"faces": {
				"north": {"uv": [1, 6, 2.5, 8], "texture": "#0"},
				"east": {"uv": [0, 6, 1, 8], "texture": "#0"},
				"south": {"uv": [3.5, 6, 5, 8], "texture": "#0"},
				"west": {"uv": [2.5, 6, 3.5, 8], "texture": "#0"},
				"up": {"uv": [2.5, 6, 1, 5], "texture": "#0"},
				"down": {"uv": [4, 5, 2.5, 6], "texture": "#0"}
			}
		},
		{
			"name": "body",
			"from": [5.7, -0.8, 7.2],
			"to": [8.3, 3.8, 8.8],
			"rotation": {"angle": 0, "axis": "y", "origin": [7, -1, 8]},
			"faces": {
				"north": {"uv": [1, 9, 2.5, 11.5], "texture": "#0"},
				"east": {"uv": [0, 9, 1, 11.5], "texture": "#0"},
				"south": {"uv": [3.5, 9, 5, 11.5], "texture": "#0"},
				"west": {"uv": [2.5, 9, 3.5, 11.5], "texture": "#0"},
				"up": {"uv": [2.5, 9, 1, 8], "texture": "#0"},
				"down": {"uv": [4, 8, 2.5, 9], "texture": "#0"}
			}
		},
		{
			"name": "right_arm",
			"from": [8.5, 1, 7],
			"to": [10.5, 5, 9],
			"rotation": {"angle": 0, "axis": "y", "origin": [7, -1, 8]},
			"faces": {
				"north": {"uv": [12.5, 1, 13.5, 3], "texture": "#0"},
				"east": {"uv": [11.5, 1, 12.5, 3], "texture": "#0"},
				"south": {"uv": [14.5, 1, 15.5, 3], "texture": "#0"},
				"west": {"uv": [13.5, 1, 14.5, 3], "texture": "#0"},
				"up": {"uv": [13.5, 1, 12.5, 0], "texture": "#0"},
				"down": {"uv": [14.5, 0, 13.5, 1], "texture": "#0"}
			}
		},
		{
			"name": "left_arm",
			"from": [3.5, 1, 7],
			"to": [5.5, 5, 9],
			"rotation": {"angle": 0, "axis": "y", "origin": [7, -1, 8]},
			"faces": {
				"north": {"uv": [12.5, 4, 13.5, 6], "texture": "#0"},
				"east": {"uv": [11.5, 4, 12.5, 6], "texture": "#0"},
				"south": {"uv": [14.5, 4, 15.5, 6], "texture": "#0"},
				"west": {"uv": [13.5, 4, 14.5, 6], "texture": "#0"},
				"up": {"uv": [13.5, 4, 12.5, 3], "texture": "#0"},
				"down": {"uv": [14.5, 3, 13.5, 4], "texture": "#0"}
			}
		},
		{
			"name": "left_wing",
			"from": [6.5, 2, 9],
			"to": [6.5, 7, 17],
			"rotation": {"angle": -22.5, "axis": "y", "origin": [7, 2, 8]},
			"faces": {
				"north": {"uv": [12, 11, 12, 13.5], "texture": "#0"},
				"east": {"uv": [8, 13.5, 12, 11], "texture": "#0"},
				"south": {"uv": [16, 11, 16, 13.5], "texture": "#0"},
				"west": {"uv": [12, 13.5, 8, 11], "texture": "#0"},
				"up": {"uv": [12, 11, 12, 7], "texture": "#0"},
				"down": {"uv": [12, 7, 12, 11], "texture": "#0"}
			}
		},
		{
			"name": "right_wing",
			"from": [15.5, 3, 7],
			"to": [15.5, 8, 15],
			"rotation": {"angle": 45, "axis": "y", "origin": [15, 3, 6]},
			"faces": {
				"north": {"uv": [12, 11, 12, 13.5], "texture": "#0"},
				"east": {"uv": [8, 13.5, 12, 11], "texture": "#0"},
				"south": {"uv": [16, 11, 16, 13.5], "texture": "#0"},
				"west": {"uv": [12, 13.5, 8, 11], "texture": "#0"},
				"up": {"uv": [12, 11, 12, 7], "texture": "#0"},
				"down": {"uv": [12, 7, 12, 11], "texture": "#0"}
			}
		},
		{
			"name": "head",
			"from": [12.5, 6, 3.5],
			"to": [17.5, 11, 8.5],
			"rotation": {"angle": 22.5, "axis": "y", "origin": [15, 0, 6]},
			"faces": {
				"north": {"uv": [2.5, 2.5, 5, 5], "texture": "#0"},
				"east": {"uv": [0, 2.5, 2.5, 5], "texture": "#0"},
				"south": {"uv": [7.5, 2.5, 10, 5], "texture": "#0"},
				"west": {"uv": [5, 2.5, 7.5, 5], "texture": "#0"},
				"up": {"uv": [5, 2.5, 2.5, 0], "texture": "#0"},
				"down": {"uv": [7.5, 0, 5, 2.5], "texture": "#0"}
			}
		},
		{
			"name": "body",
			"from": [13.5, 2, 5],
			"to": [16.5, 6, 7],
			"rotation": {"angle": 22.5, "axis": "y", "origin": [15, 0, 6]},
			"faces": {
				"north": {"uv": [1, 6, 2.5, 8], "texture": "#0"},
				"east": {"uv": [0, 6, 1, 8], "texture": "#0"},
				"south": {"uv": [3.5, 6, 5, 8], "texture": "#0"},
				"west": {"uv": [2.5, 6, 3.5, 8], "texture": "#0"},
				"up": {"uv": [2.5, 6, 1, 5], "texture": "#0"},
				"down": {"uv": [4, 5, 2.5, 6], "texture": "#0"}
			}
		},
		{
			"name": "body",
			"from": [13.7, 0.2, 5.2],
			"to": [16.3, 4.8, 6.8],
			"rotation": {"angle": 22.5, "axis": "y", "origin": [15, 0, 6]},
			"faces": {
				"north": {"uv": [1, 9, 2.5, 11.5], "texture": "#0"},
				"east": {"uv": [0, 9, 1, 11.5], "texture": "#0"},
				"south": {"uv": [3.5, 9, 5, 11.5], "texture": "#0"},
				"west": {"uv": [2.5, 9, 3.5, 11.5], "texture": "#0"},
				"up": {"uv": [2.5, 9, 1, 8], "texture": "#0"},
				"down": {"uv": [4, 8, 2.5, 9], "texture": "#0"}
			}
		},
		{
			"name": "right_arm",
			"from": [16.5, 2, 5],
			"to": [18.5, 6, 7],
			"rotation": {"angle": 22.5, "axis": "y", "origin": [15, 0, 6]},
			"faces": {
				"north": {"uv": [12.5, 1, 13.5, 3], "texture": "#0"},
				"east": {"uv": [11.5, 1, 12.5, 3], "texture": "#0"},
				"south": {"uv": [14.5, 1, 15.5, 3], "texture": "#0"},
				"west": {"uv": [13.5, 1, 14.5, 3], "texture": "#0"},
				"up": {"uv": [13.5, 1, 12.5, 0], "texture": "#0"},
				"down": {"uv": [14.5, 0, 13.5, 1], "texture": "#0"}
			}
		},
		{
			"name": "left_arm",
			"from": [11.5, 2, 5],
			"to": [13.5, 6, 7],
			"rotation": {"angle": 22.5, "axis": "y", "origin": [15, 0, 6]},
			"faces": {
				"north": {"uv": [12.5, 4, 13.5, 6], "texture": "#0"},
				"east": {"uv": [11.5, 4, 12.5, 6], "texture": "#0"},
				"south": {"uv": [14.5, 4, 15.5, 6], "texture": "#0"},
				"west": {"uv": [13.5, 4, 14.5, 6], "texture": "#0"},
				"up": {"uv": [13.5, 4, 12.5, 3], "texture": "#0"},
				"down": {"uv": [14.5, 3, 13.5, 4], "texture": "#0"}
			}
		},
		{
			"name": "left_wing",
			"from": [14.5, 3, 7],
			"to": [14.5, 8, 15],
			"rotation": {"angle": 0, "axis": "y", "origin": [15, 3, 6]},
			"faces": {
				"north": {"uv": [12, 11, 12, 13.5], "texture": "#0"},
				"east": {"uv": [8, 13.5, 12, 11], "texture": "#0"},
				"south": {"uv": [16, 11, 16, 13.5], "texture": "#0"},
				"west": {"uv": [12, 13.5, 8, 11], "texture": "#0"},
				"up": {"uv": [12, 11, 12, 7], "texture": "#0"},
				"down": {"uv": [12, 7, 12, 11], "texture": "#0"}
			}
		},
		{
			"name": "right_wing",
			"from": [0.34727, 5, 9.16853],
			"to": [0.34727, 10, 17.16853],
			"rotation": {"angle": 0, "axis": "y", "origin": [-1, 7.5, 10.21403]},
			"faces": {
				"north": {"uv": [12, 11, 12, 13.5], "texture": "#0"},
				"east": {"uv": [8, 13.5, 12, 11], "texture": "#0"},
				"south": {"uv": [16, 11, 16, 13.5], "texture": "#0"},
				"west": {"uv": [12, 13.5, 8, 11], "texture": "#0"},
				"up": {"uv": [12, 11, 12, 7], "texture": "#0"},
				"down": {"uv": [12, 7, 12, 11], "texture": "#0"}
			}
		},
		{
			"name": "left_wing",
			"from": [-2.34727, 5, 9.16853],
			"to": [-2.34727, 10, 17.16853],
			"rotation": {"angle": -45, "axis": "y", "origin": [-1, 7.5, 10.21403]},
			"faces": {
				"north": {"uv": [12, 11, 12, 13.5], "texture": "#0"},
				"east": {"uv": [8, 13.5, 12, 11], "texture": "#0"},
				"south": {"uv": [16, 11, 16, 13.5], "texture": "#0"},
				"west": {"uv": [12, 13.5, 8, 11], "texture": "#0"},
				"up": {"uv": [12, 11, 12, 7], "texture": "#0"},
				"down": {"uv": [12, 7, 12, 11], "texture": "#0"}
			}
		},
		{
			"name": "head",
			"from": [-3.5, 8, 5.5],
			"to": [1.5, 13, 10.5],
			"rotation": {"angle": -22.5, "axis": "y", "origin": [-1, 7.5, 10.21403]},
			"faces": {
				"north": {"uv": [2.5, 2.5, 5, 5], "texture": "#0"},
				"east": {"uv": [0, 2.5, 2.5, 5], "texture": "#0"},
				"south": {"uv": [7.5, 2.5, 10, 5], "texture": "#0"},
				"west": {"uv": [5, 2.5, 7.5, 5], "texture": "#0"},
				"up": {"uv": [5, 2.5, 2.5, 0], "texture": "#0"},
				"down": {"uv": [7.5, 0, 5, 2.5], "texture": "#0"}
			}
		},
		{
			"name": "body",
			"from": [-2.5, 4, 7],
			"to": [0.5, 8, 9],
			"rotation": {"angle": -22.5, "axis": "y", "origin": [-1, 7.5, 10.21403]},
			"faces": {
				"north": {"uv": [1, 6, 2.5, 8], "texture": "#0"},
				"east": {"uv": [0, 6, 1, 8], "texture": "#0"},
				"south": {"uv": [3.5, 6, 5, 8], "texture": "#0"},
				"west": {"uv": [2.5, 6, 3.5, 8], "texture": "#0"},
				"up": {"uv": [2.5, 6, 1, 5], "texture": "#0"},
				"down": {"uv": [4, 5, 2.5, 6], "texture": "#0"}
			}
		},
		{
			"name": "body",
			"from": [-2.3, 2.2, 7.2],
			"to": [0.3, 6.8, 8.8],
			"rotation": {"angle": -22.5, "axis": "y", "origin": [-1, 7.5, 10.21403]},
			"faces": {
				"north": {"uv": [1, 9, 2.5, 11.5], "texture": "#0"},
				"east": {"uv": [0, 9, 1, 11.5], "texture": "#0"},
				"south": {"uv": [3.5, 9, 5, 11.5], "texture": "#0"},
				"west": {"uv": [2.5, 9, 3.5, 11.5], "texture": "#0"},
				"up": {"uv": [2.5, 9, 1, 8], "texture": "#0"},
				"down": {"uv": [4, 8, 2.5, 9], "texture": "#0"}
			}
		},
		{
			"name": "right_arm",
			"from": [0.5, 4, 7],
			"to": [2.5, 8, 9],
			"rotation": {"angle": -22.5, "axis": "y", "origin": [-1, 7.5, 10.21403]},
			"faces": {
				"north": {"uv": [12.5, 1, 13.5, 3], "texture": "#0"},
				"east": {"uv": [11.5, 1, 12.5, 3], "texture": "#0"},
				"south": {"uv": [14.5, 1, 15.5, 3], "texture": "#0"},
				"west": {"uv": [13.5, 1, 14.5, 3], "texture": "#0"},
				"up": {"uv": [13.5, 1, 12.5, 0], "texture": "#0"},
				"down": {"uv": [14.5, 0, 13.5, 1], "texture": "#0"}
			}
		},
		{
			"name": "left_arm",
			"from": [-4.5, 4, 7],
			"to": [-2.5, 8, 9],
			"rotation": {"angle": -22.5, "axis": "y", "origin": [-1, 7.5, 10.21403]},
			"faces": {
				"north": {"uv": [12.5, 4, 13.5, 6], "texture": "#0"},
				"east": {"uv": [11.5, 4, 12.5, 6], "texture": "#0"},
				"south": {"uv": [14.5, 4, 15.5, 6], "texture": "#0"},
				"west": {"uv": [13.5, 4, 14.5, 6], "texture": "#0"},
				"up": {"uv": [13.5, 4, 12.5, 3], "texture": "#0"},
				"down": {"uv": [14.5, 3, 13.5, 4], "texture": "#0"}
			}
		}
	],
	"display": {
		"thirdperson_righthand": {
			"scale": [0, 0, 0]
		},
		"thirdperson_lefthand": {
			"scale": [0, 0, 0]
		},
		"firstperson_righthand": {
			"rotation": [174, 28.25, -180],
			"translation": [-2.5, 5.25, 0],
			"scale": [0.5, 0.5, 0.5]
		},
		"firstperson_lefthand": {
			"scale": [0, 0, 0]
		},
		"ground": {
			"translation": [0, 5, 0]
		},
		"gui": {
			"rotation": [-180, 7, -180],
			"translation": [-0.75, 0.5, 0],
			"scale": [0.7, 0.7, 0.7]
		}
	},
	"groups": [
		{
			"name": "group",
			"origin": [8, 3, 8],
			"color": 0,
			"children": [0, 1, 2, 3, 4, 5, 6]
		},
		{
			"name": "group",
			"origin": [8, 3, 8],
			"color": 0,
			"children": [7, 8, 9, 10, 11, 12, 13]
		},
		{
			"name": "group",
			"origin": [-1, 7.5, 10.21403],
			"color": 0,
			"children": [14, 15, 16, 17, 18, 19, 20]
		}
	]
}