{
	"credit": "Made with Blockbench",
	"texture_size": [32, 32],
	"textures": {
		"0": "item/glass",
		"1": "item/rainbow_fluid",
		"2": "item/disco_potion",
		"particle": "item/glass"
	},
	"elements": [
		{
			"from": [4, -2, 4],
			"to": [12, 10, 12],
			"faces": {
				"north": {"uv": [0, 0, 16, 16], "texture": "#0"},
				"east": {"uv": [0, 0, 16, 16], "texture": "#0"},
				"south": {"uv": [0, 0, 16, 16], "texture": "#0"},
				"west": {"uv": [0, 0, 16, 16], "texture": "#0"},
				"up": {"uv": [0, 0, 16, 16], "texture": "#0"},
				"down": {"uv": [0, 0, 16, 16], "texture": "#0"}
			}
		},
		{
			"from": [6, 9.5, 6],
			"to": [10, 12, 10],
			"faces": {
				"north": {"uv": [0, 0, 16, 16], "texture": "#0"},
				"east": {"uv": [0, 0, 16, 16], "texture": "#0"},
				"south": {"uv": [0, 0, 16, 16], "texture": "#0"},
				"west": {"uv": [0, 0, 16, 16], "texture": "#0"},
				"up": {"uv": [7, 6, 9, 8], "texture": "#0"},
				"down": {"uv": [7, 6, 9, 8], "texture": "#0"}
			}
		},
		{
			"from": [5, 12, 5],
			"to": [11, 14, 11],
			"faces": {
				"north": {"uv": [10.57333, 0, 5.47556, 1.07111], "texture": "#2"},
				"east": {"uv": [8.99556, 0, 10.57333, 3.66667], "rotation": 90, "texture": "#2"},
				"south": {"uv": [5.44, 2.48889, 10.60889, 3.48889], "texture": "#2"},
				"west": {"uv": [9.03111, 0, 10.57333, 3.70222], "rotation": 90, "texture": "#2"},
				"up": {"uv": [5.39333, 0, 10.64444, 3.64222], "texture": "#2"},
				"down": {"uv": [5.44, 2.45333, 10.50222, 3.60444], "texture": "#2"}
			}
		},
		{
			"from": [4.5, -1.75, 4.25],
			"to": [11.5, 9.75, 11.75],
			"faces": {
				"north": {"uv": [0, 0, 4, 6], "texture": "#1"},
				"east": {"uv": [12, 0, 16, 6], "texture": "#1"},
				"south": {"uv": [8, 0, 12, 6], "texture": "#1"},
				"west": {"uv": [4, 0, 8, 6], "texture": "#1"},
				"up": {"uv": [4, 6, 0, 10], "texture": "#1"},
				"down": {"uv": [4, 6, 0, 10], "texture": "#1"}
			}
		},
		{
			"from": [6.5, 8.75, 6.25],
			"to": [9.5, 11.5, 9.75],
			"faces": {
				"north": {"uv": [1, 3, 5, 7], "texture": "#1"},
				"east": {"uv": [1, 3, 5, 7], "texture": "#1"},
				"south": {"uv": [4, 6, 0, 10], "texture": "#1"},
				"west": {"uv": [0, 6, 4, 10], "texture": "#1"},
				"up": {"uv": [4, 6, 0, 10], "texture": "#1"},
				"down": {"uv": [4, 6, 0, 10], "texture": "#1"}
			}
		}
	],
	"display": {
		"thirdperson_righthand": {
			"rotation": [65, 0, 0],
			"translation": [0, 1.75, 1.75],
			"scale": [0.49219, 0.5, 0.5]
		},
		"thirdperson_lefthand": {
			"rotation": [65, 0, 0],
			"translation": [0, 0.5, 2.75],
			"scale": [0.5, 0.5, 0.5]
		},
		"firstperson_righthand": {
			"rotation": [169.85, 52.86, -177.3],
			"translation": [0.25, 4.5, 0.5],
			"scale": [0.4, 0.4, 0.4]
		},
		"firstperson_lefthand": {
			"rotation": [-180, 26, 180],
			"translation": [-0.5, 8.25, 0],
			"scale": [0, 0, 0]
		},
		"ground": {
			"translation": [0, 9, 0]
		},
		"gui": {
			"rotation": [-173.75, -19, -180],
			"translation": [0.25, 2, 0]
		}
	}
}