{
	"credit": "Made with Blockbench",
	"texture_size": [32, 32],
	"textures": {
		"0": "block/kapkan",
		"particle": "block/kapkan"
	},
	"elements": [
		{
			"from": [7, 0, 7],
			"to": [9, 2, 9],
			"faces": {
				"north": {"uv": [8, 1, 9, 2], "texture": "#0"},
				"east": {"uv": [1.5, 8, 2.5, 9], "texture": "#0"},
				"south": {"uv": [2.5, 8, 3.5, 9], "texture": "#0"},
				"west": {"uv": [6.5, 8, 7.5, 9], "texture": "#0"},
				"up": {"uv": [8.5, 9, 7.5, 8], "texture": "#0"},
				"down": {"uv": [9.5, 8, 8.5, 9], "texture": "#0"}
			}
		},
		{
			"from": [0, 0, 7],
			"to": [7, 1, 9],
			"faces": {
				"north": {"uv": [2, 4, 5.5, 4.5], "texture": "#0"},
				"east": {"uv": [9, 1, 10, 1.5], "texture": "#0"},
				"south": {"uv": [2, 4.5, 5.5, 5], "texture": "#0"},
				"west": {"uv": [1.5, 9, 2.5, 9.5], "texture": "#0"},
				"up": {"uv": [3.5, 3, 0, 2], "texture": "#0"},
				"down": {"uv": [3.5, 3, 0, 4], "texture": "#0"}
			}
		},
		{
			"from": [0, 0, 0],
			"to": [7, 1, 1],
			"faces": {
				"north": {"uv": [2, 5, 5.5, 5.5], "texture": "#0"},
				"east": {"uv": [3.5, 10, 4, 10.5], "texture": "#0"},
				"south": {"uv": [2, 5.5, 5.5, 6], "texture": "#0"},
				"west": {"uv": [8, 11, 8.5, 11.5], "texture": "#0"},
				"up": {"uv": [9, 4.5, 5.5, 4], "texture": "#0"},
				"down": {"uv": [9, 4.5, 5.5, 5], "texture": "#0"}
			}
		},
		{
			"from": [0, 0, 1],
			"to": [1, 1, 7],
			"faces": {
				"north": {"uv": [10.5, 11, 11, 11.5], "texture": "#0"},
				"east": {"uv": [7, 2.5, 10, 3], "texture": "#0"},
				"south": {"uv": [11, 10.5, 11.5, 11], "texture": "#0"},
				"west": {"uv": [7, 3, 10, 3.5], "texture": "#0"},
				"up": {"uv": [6, 10, 5.5, 7], "texture": "#0"},
				"down": {"uv": [6.5, 7, 6, 10], "texture": "#0"}
			}
		},
		{
			"from": [15, 0, 1],
			"to": [16, 1, 7],
			"faces": {
				"north": {"uv": [11, 11, 11.5, 11.5], "texture": "#0"},
				"east": {"uv": [7, 3.5, 10, 4], "texture": "#0"},
				"south": {"uv": [0, 11.5, 0.5, 12], "texture": "#0"},
				"west": {"uv": [6.5, 7, 9.5, 7.5], "texture": "#0"},
				"up": {"uv": [0.5, 10.5, 0, 7.5], "texture": "#0"},
				"down": {"uv": [1, 7.5, 0.5, 10.5], "texture": "#0"}
			}
		},
		{
			"from": [15.25, -2, 5],
			"to": [15.75, -1, 7],
			"rotation": {"angle": -22.5, "axis": "x", "origin": [0, 0, 0]},
			"faces": {
				"north": {"uv": [0.5, 11.5, 1, 12], "texture": "#0"},
				"east": {"uv": [9, 1.5, 10, 2], "texture": "#0"},
				"south": {"uv": [11.5, 0.5, 12, 1], "texture": "#0"},
				"west": {"uv": [2.5, 9, 3.5, 9.5], "texture": "#0"},
				"up": {"uv": [4, 9, 3.5, 8], "texture": "#0"},
				"down": {"uv": [4, 9, 3.5, 10], "texture": "#0"}
			}
		},
		{
			"from": [11.25, -4.5, 0.25],
			"to": [12.75, -3.5, 0.75],
			"rotation": {"angle": 22.5, "axis": "z", "origin": [0, 0, 0]},
			"faces": {
				"north": {"uv": [9, 4, 10, 4.5], "texture": "#0"},
				"east": {"uv": [11.5, 1, 12, 1.5], "texture": "#0"},
				"south": {"uv": [9, 4.5, 10, 5], "texture": "#0"},
				"west": {"uv": [1.5, 11.5, 2, 12], "texture": "#0"},
				"up": {"uv": [10, 5.5, 9, 5], "texture": "#0"},
				"down": {"uv": [10, 5.5, 9, 6], "texture": "#0"}
			}
		},
		{
			"from": [8.75, -3.5, 15.25],
			"to": [10.25, -2.5, 15.75],
			"rotation": {"angle": 22.5, "axis": "z", "origin": [0, 0, 0]},
			"faces": {
				"north": {"uv": [9, 6, 10, 6.5], "texture": "#0"},
				"east": {"uv": [2, 11.5, 2.5, 12], "texture": "#0"},
				"south": {"uv": [6.5, 9, 7.5, 9.5], "texture": "#0"},
				"west": {"uv": [11.5, 2, 12, 2.5], "texture": "#0"},
				"up": {"uv": [10, 7, 9, 6.5], "texture": "#0"},
				"down": {"uv": [8.5, 9, 7.5, 9.5], "texture": "#0"}
			}
		},
		{
			"from": [12.75, -5.25, 15.25],
			"to": [14.25, -4.5, 15.75],
			"rotation": {"angle": 22.5, "axis": "z", "origin": [0, 0, 0]},
			"faces": {
				"north": {"uv": [8.5, 9, 9.5, 9.5], "texture": "#0"},
				"east": {"uv": [11.5, 2.5, 12, 3], "texture": "#0"},
				"south": {"uv": [1.5, 9.5, 2.5, 10], "texture": "#0"},
				"west": {"uv": [3, 11.5, 3.5, 12], "texture": "#0"},
				"up": {"uv": [3.5, 10, 2.5, 9.5], "texture": "#0"},
				"down": {"uv": [7.5, 9.5, 6.5, 10], "texture": "#0"}
			}
		},
		{
			"from": [6.75, -2.75, 15.25],
			"to": [8.25, -1.75, 15.75],
			"rotation": {"angle": 22.5, "axis": "z", "origin": [0, 0, 0]},
			"faces": {
				"north": {"uv": [9.5, 7, 10.5, 7.5], "texture": "#0"},
				"east": {"uv": [11.5, 3, 12, 3.5], "texture": "#0"},
				"south": {"uv": [7.5, 9.5, 8.5, 10], "texture": "#0"},
				"west": {"uv": [3.5, 11.5, 4, 12], "texture": "#0"},
				"up": {"uv": [10.5, 8, 9.5, 7.5], "texture": "#0"},
				"down": {"uv": [10.5, 8, 9.5, 8.5], "texture": "#0"}
			}
		},
		{
			"from": [4.75, -1.75, 15.25],
			"to": [6.25, -0.75, 15.75],
			"rotation": {"angle": 22.5, "axis": "z", "origin": [0, 0, 0]},
			"faces": {
				"north": {"uv": [8.5, 9.5, 9.5, 10], "texture": "#0"},
				"east": {"uv": [11.5, 4, 12, 4.5], "texture": "#0"},
				"south": {"uv": [9.5, 8.5, 10.5, 9], "texture": "#0"},
				"west": {"uv": [4.5, 11.5, 5, 12], "texture": "#0"},
				"up": {"uv": [10.5, 9.5, 9.5, 9], "texture": "#0"},
				"down": {"uv": [10.5, 9.5, 9.5, 10], "texture": "#0"}
			}
		},
		{
			"from": [2, -0.75, 15.25],
			"to": [3.5, 0.25, 15.75],
			"rotation": {"angle": 22.5, "axis": "z", "origin": [0, 0, 0]},
			"faces": {
				"north": {"uv": [10, 1, 11, 1.5], "texture": "#0"},
				"east": {"uv": [11.5, 4.5, 12, 5], "texture": "#0"},
				"south": {"uv": [1.5, 10, 2.5, 10.5], "texture": "#0"},
				"west": {"uv": [5, 11.5, 5.5, 12], "texture": "#0"},
				"up": {"uv": [11, 2, 10, 1.5], "texture": "#0"},
				"down": {"uv": [3.5, 10, 2.5, 10.5], "texture": "#0"}
			}
		},
		{
			"from": [11.25, -4.5, 15.25],
			"to": [12.75, -3.5, 15.75],
			"rotation": {"angle": 22.5, "axis": "z", "origin": [0, 0, 0]},
			"faces": {
				"north": {"uv": [10, 2.5, 11, 3], "texture": "#0"},
				"east": {"uv": [11.5, 5.5, 12, 6], "texture": "#0"},
				"south": {"uv": [10, 3, 11, 3.5], "texture": "#0"},
				"west": {"uv": [6, 11.5, 6.5, 12], "texture": "#0"},
				"up": {"uv": [11, 4, 10, 3.5], "texture": "#0"},
				"down": {"uv": [11, 4, 10, 4.5], "texture": "#0"}
			}
		},
		{
			"from": [5.25, -2.25, 0.25],
			"to": [6.75, -1.25, 0.75],
			"rotation": {"angle": 22.5, "axis": "z", "origin": [0, 0, 0]},
			"faces": {
				"north": {"uv": [10, 4.5, 11, 5], "texture": "#0"},
				"east": {"uv": [11.5, 6, 12, 6.5], "texture": "#0"},
				"south": {"uv": [10, 5, 11, 5.5], "texture": "#0"},
				"west": {"uv": [6.5, 11.5, 7, 12], "texture": "#0"},
				"up": {"uv": [6.5, 10.5, 5.5, 10], "texture": "#0"},
				"down": {"uv": [11, 5.5, 10, 6], "texture": "#0"}
			}
		},
		{
			"from": [13.425, -5.75, 0.25],
			"to": [14.925, -4.75, 0.75],
			"rotation": {"angle": 22.5, "axis": "z", "origin": [-0.075, 0, 0]},
			"faces": {
				"north": {"uv": [10, 6, 11, 6.5], "texture": "#0"},
				"east": {"uv": [11.5, 7, 12, 7.5], "texture": "#0"},
				"south": {"uv": [6.5, 10, 7.5, 10.5], "texture": "#0"},
				"west": {"uv": [11.5, 7.5, 12, 8], "texture": "#0"},
				"up": {"uv": [11, 7, 10, 6.5], "texture": "#0"},
				"down": {"uv": [8.5, 10, 7.5, 10.5], "texture": "#0"}
			}
		},
		{
			"from": [1, -0.5, 0.25],
			"to": [2.5, 0.5, 0.75],
			"rotation": {"angle": 22.5, "axis": "z", "origin": [0, 0, 0]},
			"faces": {
				"north": {"uv": [8.5, 10, 9.5, 10.5], "texture": "#0"},
				"east": {"uv": [8, 11.5, 8.5, 12], "texture": "#0"},
				"south": {"uv": [9.5, 10, 10.5, 10.5], "texture": "#0"},
				"west": {"uv": [11.5, 8, 12, 8.5], "texture": "#0"},
				"up": {"uv": [1, 11, 0, 10.5], "texture": "#0"},
				"down": {"uv": [2.5, 10.5, 1.5, 11], "texture": "#0"}
			}
		},
		{
			"from": [9, -3.75, 0.25],
			"to": [10.5, -2.75, 0.75],
			"rotation": {"angle": 22.5, "axis": "z", "origin": [0, 0, 0]},
			"faces": {
				"north": {"uv": [10.5, 2, 11.5, 2.5], "texture": "#0"},
				"east": {"uv": [8.5, 11.5, 9, 12], "texture": "#0"},
				"south": {"uv": [2.5, 10.5, 3.5, 11], "texture": "#0"},
				"west": {"uv": [9, 11.5, 9.5, 12], "texture": "#0"},
				"up": {"uv": [4.5, 11, 3.5, 10.5], "texture": "#0"},
				"down": {"uv": [5.5, 10.5, 4.5, 11], "texture": "#0"}
			}
		},
		{
			"from": [3.25, -1.25, 0.25],
			"to": [4.75, -0.25, 0.75],
			"rotation": {"angle": 22.5, "axis": "z", "origin": [0, 0, 0]},
			"faces": {
				"north": {"uv": [5.5, 10.5, 6.5, 11], "texture": "#0"},
				"east": {"uv": [9.5, 11.5, 10, 12], "texture": "#0"},
				"south": {"uv": [6.5, 10.5, 7.5, 11], "texture": "#0"},
				"west": {"uv": [11.5, 9.5, 12, 10], "texture": "#0"},
				"up": {"uv": [11.5, 7.5, 10.5, 7], "texture": "#0"},
				"down": {"uv": [8.5, 10.5, 7.5, 11], "texture": "#0"}
			}
		},
		{
			"from": [0.25, -2, 5],
			"to": [0.75, -1, 7],
			"rotation": {"angle": -22.5, "axis": "x", "origin": [0, 0, 0]},
			"faces": {
				"north": {"uv": [10, 11.5, 10.5, 12], "texture": "#0"},
				"east": {"uv": [10.5, 7.5, 11.5, 8], "texture": "#0"},
				"south": {"uv": [10.5, 11.5, 11, 12], "texture": "#0"},
				"west": {"uv": [10.5, 8, 11.5, 8.5], "texture": "#0"},
				"up": {"uv": [9, 11.5, 8.5, 10.5], "texture": "#0"},
				"down": {"uv": [11, 8.5, 10.5, 9.5], "texture": "#0"}
			}
		},
		{
			"from": [15.25, -5, 12],
			"to": [15.75, -4, 14],
			"rotation": {"angle": -22.5, "axis": "x", "origin": [0, 0, 0]},
			"faces": {
				"north": {"uv": [11.5, 10.5, 12, 11], "texture": "#0"},
				"east": {"uv": [9, 10.5, 10, 11], "texture": "#0"},
				"south": {"uv": [11, 11.5, 11.5, 12], "texture": "#0"},
				"west": {"uv": [10.5, 9.5, 11.5, 10], "texture": "#0"},
				"up": {"uv": [10.5, 11.5, 10, 10.5], "texture": "#0"},
				"down": {"uv": [11, 10, 10.5, 11], "texture": "#0"}
			}
		},
		{
			"from": [0.25, -3.5, 9],
			"to": [0.75, -2.5, 11],
			"rotation": {"angle": -22.5, "axis": "x", "origin": [0, 0, 0]},
			"faces": {
				"north": {"uv": [11.5, 11, 12, 11.5], "texture": "#0"},
				"east": {"uv": [0, 11, 1, 11.5], "texture": "#0"},
				"south": {"uv": [11.5, 11.5, 12, 12], "texture": "#0"},
				"west": {"uv": [11, 0, 12, 0.5], "texture": "#0"},
				"up": {"uv": [11.5, 1.5, 11, 0.5], "texture": "#0"},
				"down": {"uv": [1.5, 11, 1, 12], "texture": "#0"}
			}
		},
		{
			"from": [0.25, -0.75, 2],
			"to": [0.75, 0.25, 4],
			"rotation": {"angle": -22.5, "axis": "x", "origin": [0, 0, 0]},
			"faces": {
				"north": {"uv": [0, 12, 0.5, 12.5], "texture": "#0"},
				"east": {"uv": [1.5, 11, 2.5, 11.5], "texture": "#0"},
				"south": {"uv": [12, 0, 12.5, 0.5], "texture": "#0"},
				"west": {"uv": [11, 1.5, 12, 2], "texture": "#0"},
				"up": {"uv": [3, 12, 2.5, 11], "texture": "#0"},
				"down": {"uv": [11.5, 2.5, 11, 3.5], "texture": "#0"}
			}
		},
		{
			"from": [0.25, -4.75, 11.25],
			"to": [0.75, -3.75, 13.25],
			"rotation": {"angle": -22.5, "axis": "x", "origin": [0, 0, 0]},
			"faces": {
				"north": {"uv": [0.5, 12, 1, 12.5], "texture": "#0"},
				"east": {"uv": [3, 11, 4, 11.5], "texture": "#0"},
				"south": {"uv": [12, 0.5, 12.5, 1], "texture": "#0"},
				"west": {"uv": [11, 3.5, 12, 4], "texture": "#0"},
				"up": {"uv": [4.5, 12, 4, 11], "texture": "#0"},
				"down": {"uv": [11.5, 4, 11, 5], "texture": "#0"}
			}
		},
		{
			"from": [15.25, -3.75, 9.5],
			"to": [15.75, -2.75, 11.5],
			"rotation": {"angle": -22.5, "axis": "x", "origin": [0, 0, 0]},
			"faces": {
				"north": {"uv": [1, 12, 1.5, 12.5], "texture": "#0"},
				"east": {"uv": [4.5, 11, 5.5, 11.5], "texture": "#0"},
				"south": {"uv": [12, 1, 12.5, 1.5], "texture": "#0"},
				"west": {"uv": [11, 5, 12, 5.5], "texture": "#0"},
				"up": {"uv": [6, 12, 5.5, 11], "texture": "#0"},
				"down": {"uv": [11.5, 5.5, 11, 6.5], "texture": "#0"}
			}
		},
		{
			"from": [15.25, -0.75, 2.25],
			"to": [15.75, 0.25, 4.25],
			"rotation": {"angle": -22.5, "axis": "x", "origin": [0, 0, 0]},
			"faces": {
				"north": {"uv": [1.5, 12, 2, 12.5], "texture": "#0"},
				"east": {"uv": [6, 11, 7, 11.5], "texture": "#0"},
				"south": {"uv": [12, 1.5, 12.5, 2], "texture": "#0"},
				"west": {"uv": [11, 6.5, 12, 7], "texture": "#0"},
				"up": {"uv": [7.5, 12, 7, 11], "texture": "#0"},
				"down": {"uv": [8, 11, 7.5, 12], "texture": "#0"}
			}
		},
		{
			"from": [15, 0, 9],
			"to": [16, 1, 15],
			"faces": {
				"north": {"uv": [2, 12, 2.5, 12.5], "texture": "#0"},
				"east": {"uv": [1, 7.5, 4, 8], "texture": "#0"},
				"south": {"uv": [12, 2, 12.5, 2.5], "texture": "#0"},
				"west": {"uv": [6.5, 7.5, 9.5, 8], "texture": "#0"},
				"up": {"uv": [4.5, 10.5, 4, 7.5], "texture": "#0"},
				"down": {"uv": [5, 7.5, 4.5, 10.5], "texture": "#0"}
			}
		},
		{
			"from": [0, 0, 9],
			"to": [1, 1, 15],
			"faces": {
				"north": {"uv": [2.5, 12, 3, 12.5], "texture": "#0"},
				"east": {"uv": [8, 0, 11, 0.5], "texture": "#0"},
				"south": {"uv": [12, 2.5, 12.5, 3], "texture": "#0"},
				"west": {"uv": [8, 0.5, 11, 1], "texture": "#0"},
				"up": {"uv": [5.5, 10.5, 5, 7.5], "texture": "#0"},
				"down": {"uv": [1.5, 8, 1, 11], "texture": "#0"}
			}
		},
		{
			"from": [9, 0, 0],
			"to": [16, 1, 1],
			"faces": {
				"north": {"uv": [5.5, 5, 9, 5.5], "texture": "#0"},
				"east": {"uv": [3, 12, 3.5, 12.5], "texture": "#0"},
				"south": {"uv": [5.5, 5.5, 9, 6], "texture": "#0"},
				"west": {"uv": [12, 3, 12.5, 3.5], "texture": "#0"},
				"up": {"uv": [5.5, 6.5, 2, 6], "texture": "#0"},
				"down": {"uv": [9, 6, 5.5, 6.5], "texture": "#0"}
			}
		},
		{
			"from": [0, 0, 15],
			"to": [16, 1, 16],
			"faces": {
				"north": {"uv": [0, 0, 8, 0.5], "texture": "#0"},
				"east": {"uv": [3.5, 12, 4, 12.5], "texture": "#0"},
				"south": {"uv": [0, 0.5, 8, 1], "texture": "#0"},
				"west": {"uv": [12, 3.5, 12.5, 4], "texture": "#0"},
				"up": {"uv": [8, 1.5, 0, 1], "texture": "#0"},
				"down": {"uv": [8, 1.5, 0, 2], "texture": "#0"}
			}
		},
		{
			"from": [9, 0, 7],
			"to": [16, 1, 9],
			"faces": {
				"north": {"uv": [2, 6.5, 5.5, 7], "texture": "#0"},
				"east": {"uv": [11, 8.5, 12, 9], "texture": "#0"},
				"south": {"uv": [5.5, 6.5, 9, 7], "texture": "#0"},
				"west": {"uv": [9, 11, 10, 11.5], "texture": "#0"},
				"up": {"uv": [7, 3, 3.5, 2], "texture": "#0"},
				"down": {"uv": [7, 3, 3.5, 4], "texture": "#0"}
			}
		},
		{
			"from": [7, 0, 0],
			"to": [9, 1, 7],
			"faces": {
				"north": {"uv": [11, 9, 12, 9.5], "texture": "#0"},
				"east": {"uv": [2, 7, 5.5, 7.5], "texture": "#0"},
				"south": {"uv": [11, 10, 12, 10.5], "texture": "#0"},
				"west": {"uv": [7, 2, 10.5, 2.5], "texture": "#0"},
				"up": {"uv": [1, 7.5, 0, 4], "texture": "#0"},
				"down": {"uv": [2, 4, 1, 7.5], "texture": "#0"}
			}
		}
	],
	"display": {
		"thirdperson_righthand": {
			"rotation": [0, -28, 0],
			"translation": [0, 0.25, 1.5],
			"scale": [0.6, 0.6, 0.6]
		},
		"firstperson_righthand": {
			"translation": [4.5, 3.75, 0]
		},
		"ground": {
			"translation": [0, 4.5, 0]
		},
		"gui": {
			"rotation": [30, 21, 0],
			"translation": [0, 5.5, 0],
			"scale": [0.94, 0.92, 0.94]
		}
	},
	"groups": [
		{
			"name": "crimson_pressure_plate",
			"origin": [8, 8, 8],
			"color": 0,
			"children": [0, 1, 2, 3, 4, 5, 6, 7, 8, 9, 10, 11, 12, 13, 14, 15, 16, 17, 18, 19, 20, 21, 22, 23, 24, 25, 26, 27, 28, 29, 30]
		}
	]
}