{
	"credit": "Made with Blockbench",
	"texture_size": [64, 64],
	"textures": {
		"0": "item/pacman",
		"particle": "item/pacman"
	},
	"elements": [
		{
			"from": [0, -6, 0],
			"to": [16, 10, 16],
			"faces": {
				"north": {"uv": [4, 4, 8, 8], "texture": "#0"},
				"east": {"uv": [0, 4, 4, 8], "texture": "#0"},
				"south": {"uv": [12, 4, 16, 8], "texture": "#0"},
				"west": {"uv": [8, 4, 12, 8], "texture": "#0"},
				"up": {"uv": [8, 4, 4, 0], "texture": "#0"},
				"down": {"uv": [12, 0, 8, 4], "texture": "#0"}
			}
		},
		{
			"from": [0.1, -5.9, 9],
			"to": [15.9, 9.8, 9],
			"faces": {
				"north": {"uv": [0, 0, 3.95, 3.925], "texture": "#0"},
				"east": {"uv": [0, 0, 0, 3.925], "texture": "#0"},
				"south": {"uv": [0, 0, 3.95, 3.925], "texture": "#0"},
				"west": {"uv": [0, 0, 0, 3.925], "texture": "#0"},
				"up": {"uv": [0, 0, 3.95, 0], "texture": "#0"},
				"down": {"uv": [0, 0, 3.95, 0], "texture": "#0"}
			}
		},
		{
			"from": [0.1, 5.95, 0.15],
			"to": [15.9, 5.95, 15.85],
			"rotation": {"angle": 0, "axis": "x", "origin": [8, 1.95, 9]},
			"faces": {
				"north": {"uv": [0, 0, 3.95, 0], "rotation": 180, "texture": "#0"},
				"east": {"uv": [0, 0, 0, 3.925], "rotation": 90, "texture": "#0"},
				"south": {"uv": [0, 0, 3.95, 0], "texture": "#0"},
				"west": {"uv": [0, 0, 0, 3.925], "rotation": 270, "texture": "#0"},
				"up": {"uv": [0, 0, 3.95, 3.925], "texture": "#0"},
				"down": {"uv": [0, 0, 3.95, 3.925], "rotation": 180, "texture": "#0"}
			}
		},
		{
			"from": [0.1, -5.05, 0.15],
			"to": [15.9, -5.05, 15.85],
			"rotation": {"angle": 0, "axis": "x", "origin": [8, 1.95, 9]},
			"faces": {
				"north": {"uv": [0, 0, 3.95, 0], "rotation": 180, "texture": "#0"},
				"east": {"uv": [0, 0, 0, 3.925], "rotation": 90, "texture": "#0"},
				"south": {"uv": [0, 0, 3.95, 0], "texture": "#0"},
				"west": {"uv": [0, 0, 0, 3.925], "rotation": 270, "texture": "#0"},
				"up": {"uv": [0, 0, 3.95, 3.925], "texture": "#0"},
				"down": {"uv": [0, 0, 3.95, 3.925], "rotation": 180, "texture": "#0"}
			}
		},
		{
			"from": [15.9, -5.95, 0.15],
			"to": [15.9, 9.85, 15.85],
			"rotation": {"angle": 0, "axis": "z", "origin": [8, -5.05, 8]},
			"faces": {
				"north": {"uv": [0, 0, 3.95, 0], "rotation": 90, "texture": "#0"},
				"east": {"uv": [0, 8, 3.95, 11.925], "texture": "#0"},
				"south": {"uv": [0, 0, 3.95, 0], "rotation": 90, "texture": "#0"},
				"west": {"uv": [3.95, 8, 0, 11.925], "texture": "#0"},
				"up": {"uv": [0, 0, 0, 3.925], "texture": "#0"},
				"down": {"uv": [0, 0, 0, 3.925], "rotation": 180, "texture": "#0"}
			}
		},
		{
			"from": [0.1, -5.95, 0.15],
			"to": [0.1, 9.85, 15.85],
			"rotation": {"angle": 0, "axis": "z", "origin": [8, -5.05, 8]},
			"faces": {
				"north": {"uv": [0, 0, 3.95, 0], "rotation": 90, "texture": "#0"},
				"east": {"uv": [0, 8, 3.95, 11.925], "texture": "#0"},
				"south": {"uv": [0, 0, 3.95, 0], "rotation": 90, "texture": "#0"},
				"west": {"uv": [3.95, 8, 0, 11.925], "texture": "#0"},
				"up": {"uv": [0, 0, 0, 3.925], "texture": "#0"},
				"down": {"uv": [0, 0, 0, 3.925], "rotation": 180, "texture": "#0"}
			}
		}
	],
	"display": {
		"thirdperson_righthand": {
			"scale": [0, 0, 0]
		},
		"thirdperson_lefthand": {
			"scale": [0, 0, 0]
		},
		"firstperson_righthand": {
			"scale": [0, 0, 0]
		},
		"firstperson_lefthand": {
			"scale": [0, 0, 0]
		},
		"head": {
			"translation": [0, 6.25, 0]
		}
	}
}